province_ID,ageclass,gender,occupation,education,hh_relation,chronic_patient,MOF_VAL,dla_elderly,dla_disabled,HAS_CHILDREN,HAS_ELDERLY,HH_MOF_WELFARE,poor_household_CNT,poor_household_HEALTH,poor_household_LIVING,poor_household_EDUCATION,poor_household_INCOME,poor_household_ACCESSIBILITY,HAS_DLA_DISABLED,HAS_DLA_ELDERLY,population
45,เด็ก,ช,กำลังศึกษา,ต่ำกว่าชั้นประถมฯ ,หลาน,0,0,N,N,1,0,1,0,0,0,0,0,0,0,0,2281
44,ผู้ใหญ่,ญ,กำลังศึกษา,ม.ต้น ,หลาน,0,0,N,N,1,0,1,0,0,0,0,0,0,0,1,218
46,เด็ก,ญ,กำลังศึกษา,ประถมฯ ,หลาน,0,0,N,N,1,1,1,0,0,0,0,0,0,1,1,1133
63,ผู้ใหญ่,ช,รับจ้างทั่วไป,ประถมฯ ,ลูก,0,1,N,N,0,1,1,1,0,1,1,1,0,1,1,2
41,ผู้ใหญ่,ช,รับจ้างทั่วไป,ม.ปลาย ,ลูก,0,0,N,N,0,0,1,0,0,0,0,0,0,0,1,338
30,เด็ก,ญ,กำลังศึกษา,ประถมฯ ,ลูก,0,0,N,N,1,0,0,0,0,0,0,0,0,0,0,7066
67,เด็ก,ญ,กำลังศึกษา,ประถมฯ ,หลาน,0,0,N,N,1,1,1,1,0,0,0,1,0,0,1,177
77,ผู้ใหญ่,ช,ค้าขาย,ม.ต้น ,หัวหน้าครัวเรือน,0,0,N,N,0,0,0,0,0,0,0,0,0,0,0,368
80,ผู้สูงอายุ,ญ,ไม่มีอาชีพ,ประถมฯ ,หัวหน้าครัวเรือน,1,0,N,N,0,1,1,1,0,0,0,1,0,0,0,4
57,ผู้สูงอายุ,ญ,ไม่มีอาชีพ,ไม่เคยศึกษา,หัวหน้าครัวเรือน,0,0,Y,Y,0,1,0,1,1,0,0,1,0,1,1,8
73,ผู้ใหญ่,ญ,เกษตร-ทำนา,ม.ต้น ,หัวหน้าครัวเรือน,0,1,N,N,0,1,1,0,0,0,0,0,0,0,1,4
13,ผู้ใหญ่,ญ,รับจ้างทั่วไป,ป.ตรี หรือเทียบเท่า,อื่นๆ,0,0,N,N,0,1,0,0,0,0,0,0,0,0,1,210
40,ผู้ใหญ่,ญ,รับจ้างทั่วไป,ประถมฯ ,ลูก,0,0,N,N,1,1,0,0,0,0,0,0,0,0,1,381
63,เด็ก,ญ,กำลังศึกษา,อนุบาล/ศูนย์เด็กเล็ก,ลูก,0,0,N,N,1,0,0,1,0,0,1,0,0,0,0,463
58,เด็ก,ญ,กำลังศึกษา,ต่ำกว่าชั้นประถมฯ ,หลาน,0,0,N,N,1,0,1,1,0,0,1,0,0,0,1,12
67,ผู้ใหญ่,ช,รับจ้างทั่วไป,ประถมฯ ,ลูกเขย,0,1,N,N,1,1,1,0,0,0,0,0,0,0,1,196
12,ผู้ใหญ่,ช,ค้าขาย,ม.ต้น ,หัวหน้าครัวเรือน,0,0,N,N,0,0,0,0,0,0,0,0,0,0,0,965
84,ผู้ใหญ่,ช,กำลังศึกษา,ป.ตรี หรือเทียบเท่า,ลูก,0,0,N,N,0,0,0,1,0,0,0,1,0,0,0,20
11,ผู้ใหญ่,ญ,พนักงานบริษัท,ป.ตรี หรือเทียบเท่า,หัวหน้าครัวเรือน,0,0,N,N,0,0,0,1,0,1,0,0,0,0,0,151
44,ผู้ใหญ่,ญ,อาชีพอื่นๆ,ประถมฯ ,ลูก,0,1,N,N,1,0,1,0,0,0,0,0,0,0,0,4
34,ผู้ใหญ่,ญ,เกษตร-ทำนา,ประถมฯ ,ภรรยา,0,1,Y,N,1,1,1,0,0,0,0,0,0,0,1,626
34,ผู้ใหญ่,ญ,เกษตร-ทำนา,ประถมฯ ,ภรรยา,0,0,Y,N,1,1,1,0,0,0,0,0,0,0,1,273
36,ผู้ใหญ่,ญ,กำลังศึกษา,ม.ปลาย ,หลาน,0,0,N,N,1,1,1,0,0,0,0,0,0,0,1,1193
34,ผู้ใหญ่,ช,รับจ้างทั่วไป,ประถมฯ ,หัวหน้าครัวเรือน,0,0,N,N,0,0,0,0,0,0,0,0,0,0,0,2887
34,ผู้ใหญ่,ช,เกษตร-ทำนา,ม.ต้น ,ลูก,0,1,N,N,0,0,1,0,0,0,0,0,0,0,0,1678
36,ผู้ใหญ่,ญ,พนักงาน-รับราชการ,ป.ตรี หรือเทียบเท่า,ลูก,0,0,N,N,0,1,1,0,0,0,0,0,0,1,1,147
44,ผู้ใหญ่,ญ,เกษตร-ทำนา,ประถมฯ ,หัวหน้าครัวเรือน,0,1,N,N,0,0,1,0,0,0,0,0,0,0,0,4115
34,ผู้ใหญ่,ช,กำลังศึกษา,ม.ต้น ,ลูก,0,0,N,N,1,0,1,0,0,0,0,0,0,0,0,4395
36,ผู้ใหญ่,ช,เกษตร-ทำนา,ประถมฯ ,ลูกเขย,0,1,N,N,1,1,1,0,0,0,0,0,0,0,1,633
36,เด็ก,ช,ไม่มีอาชีพ,ไม่เคยศึกษา,หลาน,0,0,N,N,1,1,1,0,0,0,0,0,0,0,1,1268
34,เด็ก,ช,กำลังศึกษา,ม.ต้น ,ลูก,0,0,N,N,1,0,1,0,0,0,0,0,0,0,0,2732
44,เด็ก,ช,กำลังศึกษา,ประถมฯ ,ลูก,0,0,N,N,1,0,1,0,0,0,0,0,0,0,0,2612
42,ผู้ใหญ่,ช,เกษตร-ทำนา,ม.ต้น ,ลูก,0,0,N,N,0,0,1,0,0,0,0,0,0,0,0,192
31,ผู้ใหญ่,ญ,รับจ้างทั่วไป,ม.ต้น ,หัวหน้าครัวเรือน,0,0,N,N,0,1,1,0,0,0,0,0,0,1,1,24
17,ผู้ใหญ่,ญ,เกษตร-ทำนา,ประถมฯ ,หัวหน้าครัวเรือน,0,0,N,N,1,0,1,0,0,0,0,0,0,1,0,4
11,เด็ก,ช,กำลังศึกษา,ประถมฯ ,อื่นๆ,0,0,N,N,1,0,0,0,0,0,0,0,0,0,0,534
40,ผู้สูงอายุ,ญ,ไม่มีอาชีพ,ไม่เคยศึกษา,หัวหน้าครัวเรือน,1,0,Y,N,0,1,0,1,0,0,0,1,0,0,1,2
71,ผู้ใหญ่,ช,ค้าขาย,ม.ปลาย ,หัวหน้าครัวเรือน,1,0,N,N,0,0,0,0,0,0,0,0,0,0,0,1
36,เด็ก,ญ,ไม่มีอาชีพ,ไม่เคยศึกษา,หลาน,0,0,N,N,1,1,1,0,0,0,0,0,0,1,1,548
33,ผู้สูงอายุ,ช,เกษตร-ทำนา,ประถมฯ ,หัวหน้าครัวเรือน,0,1,Y,N,0,1,1,0,0,0,0,0,0,1,1,1556
34,ผู้ใหญ่,ญ,เกษตร-ทำไร่,ประถมฯ ,ภรรยา,0,1,N,N,1,0,1,1,0,0,1,0,0,0,0,79
65,ผู้สูงอายุ,ญ,ไม่มีอาชีพ,ไม่เคยศึกษา,หัวหน้าครัวเรือน,0,1,Y,N,0,1,1,1,0,0,0,1,0,0,1,94
73,ผู้ใหญ่,ช,ค้าขาย,ม.ต้น ,ลูก,0,0,N,N,0,0,0,0,0,0,0,0,0,0,0,90
30,ผู้สูงอายุ,ช,เกษตร-ทำนา,ประถมฯ ,หัวหน้าครัวเรือน,0,0,Y,N,1,1,1,1,0,0,1,0,0,0,1,300
27,ผู้ใหญ่,ช,รับจ้างทั่วไป,ประถมฯ ,อื่นๆ,0,0,N,N,0,0,1,0,0,0,0,0,0,0,0,203
71,ผู้ใหญ่,ช,กำลังศึกษา,ม.ปลาย ,หลาน,0,0,N,N,1,1,1,0,0,0,0,0,0,0,1,499
72,ผู้ใหญ่,ช,กำลังศึกษา,ม.ต้น ,ลูก,0,0,N,N,1,0,1,0,0,0,0,0,0,0,0,748
73,ผู้ใหญ่,ญ,เกษตร-ทำไร่,ม.ปลาย ,ลูก,0,0,N,N,1,0,1,0,0,0,0,0,0,0,0,3
20,ผู้ใหญ่,ช,ค้าขาย,ม.ต้น ,อื่นๆ,1,0,Y,N,0,1,0,1,0,0,0,1,0,0,1,1
24,ผู้ใหญ่,ช,เกษตร-ทำนา,ม.ปลาย ,ลูก,0,0,N,N,1,1,1,0,0,0,0,0,0,0,1,27
27,เด็ก,ช,ไม่มีอาชีพ,ไม่เคยศึกษา,หลาน,0,0,N,N,1,0,0,1,0,0,1,0,0,0,0,20
13,ผู้ใหญ่,ญ,รับจ้างทั่วไป,ม.ต้น ,หัวหน้าครัวเรือน,0,0,N,N,1,0,0,0,0,0,0,0,0,0,0,934
18,ผู้ใหญ่,ช,รับจ้างทั่วไป,ประถมฯ ,อื่นๆ,0,0,N,N,0,1,1,0,0,0,0,0,0,1,1,35
40,เด็ก,ญ,กำลังศึกษา,อนุบาล/ศูนย์เด็กเล็ก,หลาน,0,0,N,N,1,1,1,1,0,0,1,0,0,0,1,1187
42,ผู้สูงอายุ,ช,อาชีพอื่นๆ,ม.ต้น ,หัวหน้าครัวเรือน,0,0,Y,N,0,1,0,0,0,0,0,0,0,0,1,12
33,ผู้ใหญ่,ช,รับจ้างทั่วไป,ม.ปลาย ,ลูก,0,0,N,N,1,1,1,1,0,0,1,0,0,1,1,33
36,ผู้สูงอายุ,ช,เกษตร-ทำนา,ประถมฯ ,หัวหน้าครัวเรือน,0,0,Y,N,0,1,0,0,0,0,0,0,0,0,1,2462
13,ผู้ใหญ่,ญ,เกษตร-ทำสวน,ประถมฯ ,ลูก,1,0,N,N,1,1,0,0,0,0,0,0,0,0,1,2
16,ผู้สูงอายุ,ญ,อาชีพอื่นๆ,ประถมฯ ,หัวหน้าครัวเรือน,0,0,Y,N,0,1,0,0,0,0,0,0,0,0,1,512
73,ผู้ใหญ่,ญ,รับจ้างทั่วไป,ม.ต้น ,ลูก,0,1,Y,N,0,1,1,0,0,0,0,0,0,0,1,4
71,ผู้ใหญ่,ญ,รับจ้างทั่วไป,ประถมฯ ,หัวหน้าครัวเรือน,0,1,Y,N,0,0,1,0,0,0,0,0,0,0,1,221
21,ผู้สูงอายุ,ญ,เกษตร-ทำสวน,ประถมฯ ,ภรรยา,0,0,Y,N,0,1,0,0,0,0,0,0,0,0,1,782
71,ผู้ใหญ่,ช,เกษตร-ทำไร่,ประถมฯ ,สามี,0,1,N,N,0,0,1,0,0,0,0,0,0,0,0,90
76,ผู้ใหญ่,ช,รับจ้างทั่วไป,ม.ต้น ,ลูก,0,0,N,N,1,1,1,0,0,0,0,0,0,0,1,589
18,ผู้ใหญ่,ช,ธุรกิจส่วนตัว,ม.ต้น ,หัวหน้าครัวเรือน,0,0,N,N,0,0,0,0,0,0,0,0,0,0,0,50
75,ผู้ใหญ่,ช,รับจ้างทั่วไป,ม.ต้น ,อื่นๆ,0,0,N,N,0,0,0,0,0,0,0,0,0,0,0,106
76,เด็ก,ช,กำลังศึกษา,ประถมฯ ,หลาน,0,0,N,N,1,0,0,0,0,0,0,0,0,0,0,476
16,ผู้ใหญ่,ช,รับจ้างทั่วไป,ประถมฯ ,ลูก,0,0,N,N,0,1,1,0,0,0,0,0,0,0,0,50
46,เด็ก,ช,กำลังศึกษา,ประถมฯ ,หลาน,0,0,N,N,1,1,1,1,0,0,1,0,0,0,1,231
31,เด็ก,ญ,กำลังศึกษา,ประถมฯ ,ลูก,0,0,N,N,1,0,0,1,0,0,1,0,0,0,0,219
34,เด็ก,ญ,กำลังศึกษา,อนุบาล/ศูนย์เด็กเล็ก,หลาน,0,0,N,N,1,0,1,1,0,0,1,0,0,0,0,1606
46,เด็ก,ช,ไม่มีอาชีพ,อนุบาล/ศูนย์เด็กเล็ก,ลูก,0,0,N,N,1,0,0,1,0,0,1,0,0,0,0,4
35,เด็ก,ญ,กำลังศึกษา,ประถมฯ ,หลาน,0,0,N,N,1,0,0,0,0,0,0,0,0,0,0,328
42,ผู้สูงอายุ,ช,เกษตร-ทำไร่,ประถมฯ ,พ่อ,0,0,Y,N,1,1,1,0,0,0,0,0,0,0,1,10
34,ผู้ใหญ่,ช,ค้าขาย,ม.ต้น ,หัวหน้าครัวเรือน,0,0,N,N,1,0,1,0,0,0,0,0,0,0,0,69
90,ผู้ใหญ่,ญ,เกษตร-ทำสวน,ประถมฯ ,ภรรยา,0,1,N,N,0,0,1,0,0,0,0,0,0,0,0,1438
30,เด็ก,ช,กำลังศึกษา,ต่ำกว่าชั้นประถมฯ ,หลาน,0,0,N,N,1,1,1,0,0,0,0,0,0,0,1,3799
83,ผู้ใหญ่,ญ,พนักงานบริษัท,ป.ตรี หรือเทียบเท่า,หัวหน้าครัวเรือน,0,0,N,N,0,0,0,0,0,0,0,0,0,0,0,3152
23,ผู้ใหญ่,ช,พนักงาน-รับราชการ,ป.ตรี หรือเทียบเท่า,หัวหน้าครัวเรือน,0,0,N,N,0,0,0,1,0,0,0,1,0,0,0,6
53,ผู้ใหญ่,ญ,เกษตร-ทำนา,ประถมฯ ,หัวหน้าครัวเรือน,0,0,N,N,0,1,1,0,0,0,0,0,0,0,1,45
30,ผู้ใหญ่,ญ,เกษตร-ทำนา,ประถมฯ ,หัวหน้าครัวเรือน,0,1,N,N,0,0,1,0,0,0,0,0,0,0,0,4255
48,ผู้ใหญ่,ญ,ค้าขาย,ม.ต้น ,หัวหน้าครัวเรือน,0,0,N,N,1,0,0,0,0,0,0,0,0,0,0,93
95,ผู้ใหญ่,ญ,กำลังศึกษา,ม.ปลาย ,ลูก,0,1,N,N,1,0,1,0,0,0,0,0,0,0,0,474
55,ผู้ใหญ่,ช,เกษตร-ทำไร่,ประถมฯ ,ลูก,0,1,N,N,1,0,1,1,0,0,1,0,0,0,0,35
11,ผู้ใหญ่,ญ,รับจ้างทั่วไป,อนุปริญญา หรือเทียบเท่า หรือ ปวส.,หัวหน้าครัวเรือน,0,0,N,N,0,0,0,1,1,0,0,0,0,0,0,174
46,ผู้ใหญ่,ช,เกษตร-ทำไร่,ม.ต้น ,ลูก,0,0,N,N,0,1,1,0,0,0,0,0,0,0,1,46
31,ผู้สูงอายุ,ญ,เกษตร-ทำนา,ประถมฯ ,หัวหน้าครัวเรือน,0,0,Y,N,1,1,1,0,0,0,0,0,0,0,1,963
25,ผู้ใหญ่,ญ,เกษตร-ประมง,ประถมฯ ,ภรรยา,0,1,N,N,0,0,1,0,0,0,0,0,0,0,0,9
85,ผู้ใหญ่,ญ,รับจ้างทั่วไป,อนุปริญญา หรือเทียบเท่า หรือ ปวส.,หัวหน้าครัวเรือน,0,0,N,N,0,0,0,0,0,0,0,0,0,0,0,253
54,ผู้สูงอายุ,ช,ธุรกิจส่วนตัว,ม.ต้น ,หัวหน้าครัวเรือน,0,0,Y,N,0,1,0,0,0,0,0,0,0,0,1,30
47,ผู้ใหญ่,ช,เกษตร-ทำนา,ประถมฯ ,หัวหน้าครัวเรือน,0,1,N,N,1,0,1,0,0,0,0,0,0,0,0,10642
58,เด็ก,ญ,กำลังศึกษา,ม.ต้น ,ลูก,0,0,N,N,1,0,1,0,0,0,0,0,0,0,0,426
43,ผู้สูงอายุ,ช,รับจ้างทั่วไป,ประถมฯ ,หัวหน้าครัวเรือน,0,0,N,N,0,1,0,0,0,0,0,0,0,0,0,235
14,ผู้ใหญ่,ช,ไม่มีอาชีพ,ม.ปลาย ,อื่นๆ,0,0,N,N,1,1,1,1,1,0,0,1,0,1,1,1
86,ผู้ใหญ่,ช,เกษตร-ทำสวน,ประถมฯ ,หัวหน้าครัวเรือน,0,0,Y,N,0,0,0,0,0,0,0,0,0,0,1,483
30,ผู้ใหญ่,ช,รับจ้างทั่วไป,ม.ต้น ,ลูก,0,0,N,N,0,0,0,0,0,0,0,0,0,0,0,2695
14,ผู้ใหญ่,ญ,รับจ้างทั่วไป,ม.ต้น ,ภรรยา,0,0,N,N,1,1,1,1,0,0,0,1,0,0,1,10
60,ผู้สูงอายุ,ญ,เกษตร-ทำนา,ประถมฯ ,ภรรยา,0,0,Y,N,0,1,0,0,0,0,0,0,0,0,1,1529
47,ผู้สูงอายุ,ช,เกษตร-ทำนา,ประถมฯ ,หัวหน้าครัวเรือน,0,1,Y,N,1,1,1,0,0,0,0,0,0,0,1,4643
50,ผู้สูงอายุ,ญ,รับจ้างทั่วไป,ม.ปลาย ,หัวหน้าครัวเรือน,0,1,Y,N,0,1,1,0,0,0,0,0,0,0,1,138
31,เด็ก,ญ,กำลังศึกษา,ต่ำกว่าชั้นประถมฯ ,หลาน,0,0,N,N,1,1,1,0,0,0,0,0,0,0,1,2184
47,ผู้ใหญ่,ญ,เกษตร-ทำนา,ประถมฯ ,หัวหน้าครัวเรือน,0,1,N,N,0,0,1,0,0,0,0,0,0,0,0,6154
66,ผู้สูงอายุ,ญ,รับจ้างทั่วไป,ป.ตรี หรือเทียบเท่า,อื่นๆ,0,0,Y,N,1,1,1,0,0,0,0,0,0,1,1,1
34,ผู้ใหญ่,ช,อาชีพอื่นๆ,ม.ต้น ,ลูก,0,0,N,N,0,0,0,0,0,0,0,0,0,0,0,80
35,ผู้ใหญ่,ช,รับจ้างทั่วไป,ป.ตรี หรือเทียบเท่า,ลูก,0,0,N,N,0,0,1,0,0,0,0,0,0,0,0,144
86,ผู้ใหญ่,ช,ไม่มีอาชีพ,ป.ตรี หรือเทียบเท่า,ลูก,0,0,N,N,0,1,0,0,0,0,0,0,0,0,1,2
60,ผู้ใหญ่,ญ,เกษตร-ทำไร่,ป.ตรี หรือเทียบเท่า,หัวหน้าครัวเรือน,0,0,N,N,0,0,1,0,0,0,0,0,0,0,0,2
60,ผู้ใหญ่,ญ,รับจ้างทั่วไป,ประถมฯ ,ลูก,0,0,N,N,1,0,1,0,0,0,0,0,0,1,0,31
54,ผู้ใหญ่,ช,รับจ้างทั่วไป,ประถมฯ ,หัวหน้าครัวเรือน,0,0,N,N,0,0,1,0,0,0,0,0,0,0,0,555
60,ผู้ใหญ่,ญ,รับจ้างทั่วไป,ป.ตรี หรือเทียบเท่า,อื่นๆ,0,0,N,N,0,0,0,0,0,0,0,0,0,0,0,126
92,ผู้ใหญ่,ช,เกษตร-ทำสวน,ม.ปลาย ,ลูก,0,1,N,N,0,1,1,0,0,0,0,0,0,1,1,29
66,ผู้ใหญ่,ช,เกษตร-ทำนา,ม.ต้น ,สามี,0,0,N,N,0,0,1,0,0,0,0,0,0,0,0,18
96,ผู้ใหญ่,ช,รับจ้างทั่วไป,ม.ปลาย ,หัวหน้าครัวเรือน,0,1,N,N,0,0,1,0,0,0,0,0,0,0,0,592
96,ผู้ใหญ่,ญ,รับจ้างทั่วไป,ประถมฯ ,หลาน,0,1,N,N,0,0,1,0,0,0,0,0,0,0,0,17
53,ผู้ใหญ่,ญ,กำลังศึกษา,อนุปริญญา หรือเทียบเท่า หรือ ปวส.,ลูก,0,0,N,N,1,0,1,0,0,0,0,0,0,0,0,45
51,ผู้สูงอายุ,ญ,ไม่มีอาชีพ,ประถมฯ ,ภรรยา,0,0,Y,N,0,1,1,0,0,0,0,0,0,0,1,41
66,ผู้สูงอายุ,ญ,ไม่มีอาชีพ,ประถมฯ ,แม่,1,1,Y,N,0,1,1,0,0,0,0,0,0,0,1,32
63,ผู้สูงอายุ,ช,รับจ้างทั่วไป,ประถมฯ ,หัวหน้าครัวเรือน,0,1,Y,N,0,1,1,0,0,0,0,0,0,0,1,709
94,ผู้ใหญ่,ญ,เกษตร-ทำสวน,ประถมฯ ,ลูก,0,1,N,N,0,0,1,0,0,0,0,0,0,0,0,49
80,ผู้ใหญ่,ช,ค้าขาย,ประถมฯ ,สามี,0,0,N,N,0,0,0,0,0,0,0,0,0,0,0,99
33,ผู้ใหญ่,ช,รับจ้างทั่วไป,ประถมฯ ,หลาน,0,1,N,N,1,0,1,0,0,0,0,0,0,0,0,20
54,ผู้ใหญ่,ญ,รับจ้างทั่วไป,สูงกว่าปริญญาตรี,ลูก,0,0,N,N,0,0,0,0,0,0,0,0,0,0,0,10
26,เด็ก,ญ,กำลังศึกษา,ต่ำกว่าชั้นประถมฯ ,หลาน,0,0,N,N,1,1,0,0,0,0,0,0,0,0,1,175
50,ผู้สูงอายุ,ช,เกษตร-ทำไร่,ไม่เคยศึกษา,หัวหน้าครัวเรือน,0,0,Y,N,0,1,1,1,0,1,1,0,0,0,1,3
40,ผู้ใหญ่,ญ,รับจ้างทั่วไป,ประถมฯ ,ภรรยา,0,0,N,N,1,0,1,0,0,0,0,0,0,0,0,515
33,ผู้ใหญ่,ช,รับจ้างทั่วไป,ม.ต้น ,หัวหน้าครัวเรือน,0,1,N,N,0,0,1,0,0,0,0,0,0,0,0,305
83,เด็ก,ญ,กำลังศึกษา,ประถมฯ ,ลูก,0,0,N,N,1,0,0,0,0,0,0,0,0,0,0,1594
57,ผู้ใหญ่,ช,ค้าขาย,ม.ปลาย ,หัวหน้าครัวเรือน,0,1,N,N,1,0,1,0,0,0,0,0,0,0,0,74
64,ผู้ใหญ่,ญ,เกษตร-ทำนา,ประถมฯ ,ลูก,0,0,N,N,0,1,1,0,0,0,0,0,0,1,1,78
64,ผู้สูงอายุ,ช,ไม่มีอาชีพ,ไม่เคยศึกษา,หัวหน้าครัวเรือน,0,1,Y,N,0,1,1,0,0,0,0,0,0,1,1,4
62,ผู้ใหญ่,ญ,กำลังศึกษา,อนุปริญญา หรือเทียบเท่า หรือ ปวส.,หลาน,0,1,N,N,0,1,1,0,0,0,0,0,0,0,1,23
80,ผู้ใหญ่,ช,รับจ้างทั่วไป,ม.ต้น ,ลูก,0,1,N,N,1,0,1,0,0,0,0,0,0,0,0,359
80,ผู้ใหญ่,ญ,เกษตร-ทำสวน,ม.ต้น ,ลูก,0,1,N,N,1,1,1,0,0,0,0,0,0,0,1,225
80,ผู้ใหญ่,ญ,รับจ้างทั่วไป,ประถมฯ ,ภรรยา,0,1,N,N,1,0,1,0,0,0,0,0,0,1,0,95
56,ผู้ใหญ่,ช,รับจ้างทั่วไป,ป.ตรี หรือเทียบเท่า,ลูก,0,0,N,N,0,1,1,0,0,0,0,0,0,0,1,323
94,ผู้สูงอายุ,ญ,ไม่มีอาชีพ,ไม่เคยศึกษา,หัวหน้าครัวเรือน,1,0,N,N,0,1,0,0,0,0,0,0,0,0,0,25
84,ผู้ใหญ่,ญ,ธุรกิจส่วนตัว,ป.ตรี หรือเทียบเท่า,อื่นๆ,0,0,N,N,0,1,0,0,0,0,0,0,0,0,1,21
94,เด็ก,ญ,กำลังศึกษา,ประถมฯ ,ลูก,0,0,N,N,1,0,1,0,0,0,0,0,0,1,0,326
25,ผู้ใหญ่,ญ,ไม่มีอาชีพ,ประถมฯ ,หัวหน้าครัวเรือน,0,1,N,Y,0,0,1,0,0,0,0,0,0,1,0,12
33,เด็ก,ญ,กำลังศึกษา,ประถมฯ ,ลูก,0,0,N,N,1,0,1,0,0,0,0,0,0,0,0,5586
39,ผู้ใหญ่,ช,รับจ้างทั่วไป,ประถมฯ ,ลูก,0,0,N,N,1,0,1,0,0,0,0,0,0,0,0,413
42,เด็ก,ญ,กำลังศึกษา,ประถมฯ ,หลาน,0,0,N,N,1,0,1,0,0,0,0,0,0,0,0,849
35,ผู้ใหญ่,ช,พนักงานบริษัท,อนุปริญญา หรือเทียบเท่า หรือ ปวส.,ลูก,0,0,N,N,1,1,1,0,0,0,0,0,0,0,1,27
34,ผู้ใหญ่,ญ,เกษตร-ทำนา,ประถมฯ ,หัวหน้าครัวเรือน,0,1,N,N,0,1,1,0,0,0,0,0,0,0,1,320
67,ผู้ใหญ่,ช,พนักงานบริษัท,อนุปริญญา หรือเทียบเท่า หรือ ปวส.,ลูก,0,0,N,N,0,1,1,0,0,0,0,0,0,0,1,46
58,ผู้ใหญ่,ญ,รับจ้างทั่วไป,ประถมฯ ,หัวหน้าครัวเรือน,0,1,N,N,0,0,1,0,0,0,0,0,0,0,0,354
54,ผู้ใหญ่,ญ,เกษตร-ทำนา,ประถมฯ ,ภรรยา,0,1,N,N,1,0,1,0,0,0,0,0,0,0,0,1197
47,ผู้ใหญ่,ญ,กำลังศึกษา,ม.ต้น ,ลูก,0,0,N,N,1,0,1,0,0,0,0,0,0,0,0,2831
60,ผู้ใหญ่,ญ,ค้าขาย,ประถมฯ ,ภรรยา,0,1,N,N,0,1,1,0,0,0,0,0,0,0,1,91
66,ผู้สูงอายุ,ช,เกษตร-ทำนา,ประถมฯ ,หัวหน้าครัวเรือน,0,1,Y,N,0,1,1,0,0,0,0,0,0,0,1,1557
65,ผู้ใหญ่,ช,กำลังศึกษา,ม.ต้น ,ลูก,0,0,N,N,1,0,1,0,0,0,0,0,0,0,0,927
93,ผู้ใหญ่,ช,พนักงาน-รับราชการ,ป.ตรี หรือเทียบเท่า,สามี,0,0,N,N,1,0,1,1,0,0,1,0,0,0,0,2
38,ผู้ใหญ่,ช,เกษตร-ทำนา,ประถมฯ ,หัวหน้าครัวเรือน,0,0,N,N,0,0,0,0,0,0,0,0,0,0,0,2314
41,ผู้ใหญ่,ช,เกษตร-ทำนา,ม.ต้น ,หัวหน้าครัวเรือน,0,1,N,N,1,0,1,0,0,0,0,0,0,0,0,1063
54,ผู้สูงอายุ,ญ,ค้าขาย,ประถมฯ ,ภรรยา,0,1,Y,N,0,1,1,0,0,0,0,0,0,0,1,369
40,ผู้ใหญ่,ช,รับจ้างทั่วไป,ม.ต้น ,สามี,0,1,N,N,1,0,1,0,0,0,0,0,0,0,0,143
80,ผู้ใหญ่,ญ,เกษตร-ทำสวน,ม.ต้น ,ภรรยา,0,0,N,N,0,0,1,1,0,1,0,1,0,0,0,2
42,ผู้ใหญ่,ช,รับจ้างทั่วไป,ม.ต้น ,ลูก,0,0,N,N,0,1,1,0,0,0,0,0,0,0,1,431
31,ผู้ใหญ่,ญ,รับจ้างทั่วไป,ม.ปลาย ,ลูก,0,0,N,N,0,1,0,0,0,0,0,0,0,0,1,393
49,เด็ก,ญ,กำลังศึกษา,อนุบาล/ศูนย์เด็กเล็ก,หลาน,0,0,N,N,1,0,1,0,0,0,0,0,0,0,0,618
40,ผู้ใหญ่,ญ,เกษตร-ทำนา,ประถมฯ ,หัวหน้าครัวเรือน,0,0,N,N,0,0,1,1,0,1,0,0,0,0,0,19
84,ผู้ใหญ่,ช,พนักงาน-รับราชการ,ม.ปลาย ,ลูก,0,0,N,N,0,1,1,0,0,0,0,0,0,0,1,13
25,ผู้ใหญ่,ช,กำลังศึกษา,อนุปริญญา หรือเทียบเท่า หรือ ปวส.,หลาน,0,0,N,N,0,1,0,0,0,0,0,0,0,0,1,37
57,ผู้สูงอายุ,ญ,ไม่มีอาชีพ,ไม่เคยศึกษา,อื่นๆ,0,0,N,N,1,1,1,1,0,0,1,0,0,0,0,1
25,ผู้สูงอายุ,ช,ค้าขาย,ประถมฯ ,หัวหน้าครัวเรือน,0,0,Y,N,0,1,0,0,0,0,0,0,0,0,1,299
34,ผู้ใหญ่,ช,กำลังศึกษา,ป.ตรี หรือเทียบเท่า,ลูก,0,0,N,N,0,0,1,0,0,0,0,0,0,0,0,372
71,เด็ก,ญ,กำลังศึกษา,ม.ต้น ,ลูก,0,0,N,N,1,1,0,1,0,0,1,0,0,0,1,3
40,ผู้ใหญ่,ช,กำลังศึกษา,ป.ตรี หรือเทียบเท่า,ลูก,0,0,N,N,0,0,0,0,0,0,0,0,0,0,0,948
33,ผู้ใหญ่,ญ,รับจ้างทั่วไป,ประถมฯ ,ลูก,0,1,N,N,1,1,1,1,0,1,0,0,0,0,1,12
39,ผู้ใหญ่,ช,เกษตร-ทำนา,ประถมฯ ,หัวหน้าครัวเรือน,0,1,N,N,1,0,1,0,0,0,0,0,0,0,0,3456
17,ผู้สูงอายุ,ญ,รับจ้างทั่วไป,ประถมฯ ,อื่นๆ,0,1,Y,N,0,1,1,0,0,0,0,0,0,0,1,86
74,ผู้ใหญ่,ช,รับจ้างทั่วไป,อนุปริญญา หรือเทียบเท่า หรือ ปวส.,หัวหน้าครัวเรือน,0,0,N,N,1,1,1,0,0,0,0,0,0,0,1,15
34,ผู้ใหญ่,ญ,รับจ้างทั่วไป,ประถมฯ ,อื่นๆ,0,1,N,N,1,0,1,0,0,0,0,0,0,0,0,145
31,ผู้ใหญ่,ญ,รับจ้างทั่วไป,ม.ต้น ,ลูก,0,0,N,N,0,0,0,0,0,0,0,0,0,0,0,736
91,ผู้ใหญ่,ญ,อาชีพอื่นๆ,ม.ปลาย ,หัวหน้าครัวเรือน,0,1,N,N,1,0,1,1,0,0,1,0,0,0,0,3
24,เด็ก,ญ,กำลังศึกษา,ประถมฯ ,หลาน,0,0,N,N,1,1,0,1,0,0,0,1,0,0,1,58
35,ผู้ใหญ่,ญ,รับจ้างทั่วไป,ประถมฯ ,ลูก,0,1,N,N,1,1,1,0,0,0,0,0,0,1,1,81
53,ผู้ใหญ่,ช,รับจ้างทั่วไป,ม.ปลาย ,หัวหน้าครัวเรือน,0,1,N,N,0,0,1,0,0,0,0,0,0,0,0,287
91,ผู้สูงอายุ,ช,เกษตร-ประมง,ประถมฯ ,หัวหน้าครัวเรือน,0,1,Y,N,1,1,1,0,0,0,0,0,0,0,1,73
92,ผู้ใหญ่,ช,รับจ้างทั่วไป,อนุปริญญา หรือเทียบเท่า หรือ ปวส.,ลูก,0,0,N,N,0,0,1,0,0,0,0,0,0,1,0,7
52,เด็ก,ช,กำลังศึกษา,ต่ำกว่าชั้นประถมฯ ,ลูก,0,0,N,N,1,0,0,0,0,0,0,0,0,0,0,756
81,ผู้ใหญ่,ญ,กำลังศึกษา,ม.ต้น ,ลูก,0,0,N,N,1,0,0,0,0,0,0,0,0,0,0,1361
82,ผู้สูงอายุ,ช,เกษตร-ประมง,ประถมฯ ,หัวหน้าครัวเรือน,0,0,Y,N,0,1,0,0,0,0,0,0,0,0,1,46
45,ผู้สูงอายุ,ช,อาชีพอื่นๆ,ม.ปลาย ,สามี,0,0,N,N,0,1,1,0,0,0,0,0,0,0,1,1
54,ผู้ใหญ่,ญ,รับจ้างทั่วไป,ม.ปลาย ,ภรรยา,0,1,N,N,1,0,1,0,0,0,0,0,0,0,0,173
64,ผู้สูงอายุ,ญ,ไม่มีอาชีพ,ประถมฯ ,หัวหน้าครัวเรือน,0,1,Y,N,0,1,1,1,0,0,0,1,0,0,1,257
67,ผู้ใหญ่,ช,ค้าขาย,ป.ตรี หรือเทียบเท่า,ลูก,0,0,N,N,0,0,0,0,0,0,0,0,0,0,0,66
47,ผู้ใหญ่,ช,รับจ้างทั่วไป,ป.ตรี หรือเทียบเท่า,ลูก,0,0,N,N,0,0,0,0,0,0,0,0,0,0,1,25
39,ผู้สูงอายุ,ช,เกษตร-ทำนา,ประถมฯ ,หัวหน้าครัวเรือน,0,0,Y,N,0,1,0,0,0,0,0,0,0,0,1,1074
45,ผู้ใหญ่,ช,รับจ้างทั่วไป,ม.ต้น ,หัวหน้าครัวเรือน,0,0,N,N,0,0,0,0,0,0,0,0,0,0,0,1495
13,ผู้ใหญ่,ญ,รับจ้างทั่วไป,ม.ปลาย ,หัวหน้าครัวเรือน,0,0,N,N,0,0,0,0,0,0,0,0,0,0,0,7954
65,เด็ก,ญ,กำลังศึกษา,ต่ำกว่าชั้นประถมฯ ,ลูก,0,0,N,N,1,0,1,0,0,0,0,0,0,0,0,1146
14,ผู้ใหญ่,ญ,รับจ้างทั่วไป,ม.ต้น ,ภรรยา,0,1,N,N,1,0,1,0,0,0,0,0,0,0,0,306
45,ผู้ใหญ่,ช,รับจ้างทั่วไป,ม.ปลาย ,ลูก,0,0,N,N,0,1,1,0,0,0,0,0,0,0,1,1289
63,เด็ก,ญ,ไม่มีอาชีพ,ไม่เคยศึกษา,ลูก,0,0,N,Y,1,0,1,1,1,0,1,0,0,1,0,1
94,ผู้ใหญ่,ช,รับจ้างทั่วไป,ประถมฯ ,หัวหน้าครัวเรือน,0,0,N,N,1,0,1,1,1,0,0,0,0,0,0,10
70,ผู้ใหญ่,ช,เกษตร-ทำไร่,ม.ต้น ,หัวหน้าครัวเรือน,0,0,N,N,0,0,0,0,0,0,0,0,0,0,0,233
24,ผู้ใหญ่,ช,รับจ้างทั่วไป,ประถมฯ ,ลูก,0,0,N,N,1,1,1,0,0,0,0,0,0,0,1,774
11,ผู้ใหญ่,ช,พนักงานบริษัท,ม.ต้น ,หัวหน้าครัวเรือน,0,0,N,N,1,0,0,0,0,0,0,0,0,0,0,305
26,ผู้ใหญ่,ญ,รับจ้างทั่วไป,ประถมฯ ,ลูก,0,0,N,N,0,1,0,0,0,0,0,0,0,0,0,14
67,ผู้ใหญ่,ญ,รับจ้างทั่วไป,ม.ต้น ,ลูก,0,0,N,N,0,1,1,0,0,0,0,0,0,0,1,804
33,เด็ก,ญ,กำลังศึกษา,อนุบาล/ศูนย์เด็กเล็ก,หลาน,0,0,N,N,1,1,1,0,0,0,0,0,0,0,1,2420
62,ผู้ใหญ่,ช,เกษตร-ทำไร่,ประถมฯ ,อื่นๆ,0,0,N,N,0,1,1,0,0,0,0,0,0,0,1,15
27,ผู้ใหญ่,ญ,รับจ้างทั่วไป,ม.ปลาย ,ลูก,0,0,N,N,0,0,1,0,0,0,0,0,0,0,0,447
11,ผู้ใหญ่,ญ,รับจ้างทั่วไป,ม.ต้น ,หัวหน้าครัวเรือน,0,0,N,N,0,0,0,0,0,0,0,0,0,0,0,6066
27,ผู้ใหญ่,ญ,รับจ้างทั่วไป,ม.ต้น ,ภรรยา,0,1,N,N,1,0,1,0,0,0,0,0,0,0,0,272
74,ผู้สูงอายุ,ช,รับจ้างทั่วไป,ประถมฯ ,อื่นๆ,0,1,Y,N,1,1,1,1,0,0,0,1,0,0,1,7
71,ผู้ใหญ่,ญ,รับจ้างทั่วไป,ม.ต้น ,ลูก,0,0,N,N,0,0,1,0,0,0,0,0,0,0,1,93
22,ผู้สูงอายุ,ญ,ค้าขาย,ประถมฯ ,ลูก,0,0,Y,N,0,1,0,1,1,0,0,1,0,0,1,1
26,ผู้ใหญ่,ช,อาชีพอื่นๆ,ม.ปลาย ,อื่นๆ,0,0,N,N,1,0,0,0,0,0,0,0,0,1,0,1
46,เด็ก,ญ,ไม่มีอาชีพ,ไม่เคยศึกษา,หลาน,0,0,N,N,1,1,1,1,0,1,0,0,0,1,1,5
38,เด็ก,ช,กำลังศึกษา,อนุบาล/ศูนย์เด็กเล็ก,หลาน,0,0,N,N,1,0,1,1,0,0,1,0,0,0,1,157
72,ผู้ใหญ่,ญ,พนักงาน-รับราชการ,ป.ตรี หรือเทียบเท่า,หัวหน้าครัวเรือน,0,0,N,N,0,0,0,0,0,0,0,0,0,0,0,1421
12,ผู้ใหญ่,ช,พนักงานบริษัท,ป.ตรี หรือเทียบเท่า,อื่นๆ,0,0,N,N,0,0,0,0,0,0,0,0,0,0,1,28
25,ผู้ใหญ่,ช,กำลังศึกษา,ป.ตรี หรือเทียบเท่า,ลูก,0,0,N,N,0,0,0,0,0,0,0,0,0,0,0,362
90,เด็ก,ช,กำลังศึกษา,ม.ต้น ,ลูก,0,0,N,N,1,0,0,0,0,0,0,0,0,0,0,1942
36,ผู้ใหญ่,ช,กำลังศึกษา,อนุปริญญา หรือเทียบเท่า หรือ ปวส.,หลาน,0,1,N,N,1,1,1,0,0,0,0,0,0,0,1,32
55,ผู้ใหญ่,ญ,กำลังศึกษา,ม.ปลาย ,หลาน,0,0,N,N,0,1,1,0,0,0,0,0,0,1,1,43
80,ผู้สูงอายุ,ช,รับจ้างทั่วไป,ประถมฯ ,หัวหน้าครัวเรือน,1,1,Y,N,1,1,1,1,0,0,1,0,0,0,1,8
67,ผู้สูงอายุ,ญ,ไม่มีอาชีพ,ไม่เคยศึกษา,แม่,0,0,N,N,1,1,1,1,0,0,0,1,0,0,0,1
19,ผู้ใหญ่,ญ,รับจ้างทั่วไป,ประถมฯ ,หัวหน้าครัวเรือน,0,0,N,N,1,0,0,0,0,0,0,0,0,0,0,979
84,ผู้ใหญ่,ญ,เกษตร-ทำสวน,ประถมฯ ,หัวหน้าครัวเรือน,0,1,N,N,1,0,1,0,0,0,0,0,0,0,0,840
80,ผู้ใหญ่,ญ,เกษตร-ทำสวน,ประถมฯ ,ลูก,0,0,N,N,1,1,0,0,0,0,0,0,0,0,1,313
24,ผู้ใหญ่,ญ,กำลังศึกษา,ม.ปลาย ,หลาน,0,0,N,N,1,1,0,0,0,0,0,0,0,0,1,275
77,ผู้ใหญ่,ช,รับจ้างทั่วไป,ประถมฯ ,ลูก,0,0,N,N,0,1,0,0,0,0,0,0,0,0,1,417
70,เด็ก,ช,กำลังศึกษา,ประถมฯ ,ลูก,0,0,N,N,1,0,1,0,0,0,0,0,0,0,0,1193
32,เด็ก,ช,กำลังศึกษา,อนุบาล/ศูนย์เด็กเล็ก,หลาน,0,0,N,N,1,1,1,0,0,0,0,0,0,0,1,2283
70,เด็ก,ญ,กำลังศึกษา,ประถมฯ ,อื่นๆ,0,0,N,N,1,0,0,0,0,0,0,0,0,0,1,16
30,ผู้ใหญ่,ช,รับจ้างทั่วไป,อนุปริญญา หรือเทียบเท่า หรือ ปวส.,หัวหน้าครัวเรือน,0,0,N,N,0,0,0,0,0,0,0,0,0,0,0,2174
41,ผู้ใหญ่,ช,เกษตร-ทำนา,ประถมฯ ,ลูกเขย,0,0,N,N,1,1,1,0,0,0,0,0,0,0,1,625
36,ผู้ใหญ่,ช,เกษตร-ทำนา,ประถมฯ ,หลาน,0,1,N,N,0,1,1,1,0,1,0,0,0,0,1,4
36,ผู้ใหญ่,ญ,รับจ้างทั่วไป,ม.ปลาย ,ลูก,0,0,N,N,0,0,1,0,0,0,0,0,0,0,0,1173
36,เด็ก,ช,กำลังศึกษา,ม.ต้น ,อื่นๆ,0,0,N,N,1,0,1,0,0,0,0,0,0,0,0,10
36,ผู้ใหญ่,ญ,เกษตร-ทำไร่,ม.ต้น ,หลาน,0,0,N,N,1,0,1,0,0,0,0,0,0,0,0,6
34,ผู้สูงอายุ,ญ,เกษตร-ทำนา,ม.ปลาย ,หัวหน้าครัวเรือน,0,0,Y,N,1,1,1,0,0,0,0,0,0,0,1,11
44,ผู้ใหญ่,ช,เกษตร-ทำนา,ม.ปลาย ,ลูก,0,1,N,N,1,0,1,0,0,0,0,0,0,0,0,317
38,ผู้ใหญ่,ญ,เกษตร-ทำสวน,ป.ตรี หรือเทียบเท่า,อื่นๆ,0,0,N,N,0,1,0,0,0,0,0,0,0,0,1,1
36,ผู้ใหญ่,ช,พนักงาน-รัฐวิสาหกิจ,ป.ตรี หรือเทียบเท่า,ลูก,0,0,N,N,1,0,1,0,0,0,0,0,0,0,0,6
34,ผู้ใหญ่,ญ,รับจ้างทั่วไป,ม.ต้น ,ลูก,0,0,N,N,0,0,1,0,0,0,0,0,0,0,1,197
36,ผู้ใหญ่,ญ,รับจ้างทั่วไป,ประถมฯ ,ภรรยา,1,0,N,N,0,0,1,0,0,0,0,0,0,0,0,5
34,ผู้สูงอายุ,ญ,เกษตร-ทำนา,ประถมฯ ,หัวหน้าครัวเรือน,0,0,N,N,0,1,0,0,0,0,0,0,0,0,0,800
34,ผู้ใหญ่,ช,รับจ้างทั่วไป,ประถมฯ ,ลูก,0,0,N,N,1,0,1,0,0,0,0,0,0,0,1,261
34,ผู้ใหญ่,ญ,พนักงาน-รับราชการ,ป.ตรี หรือเทียบเท่า,หัวหน้าครัวเรือน,0,0,N,N,0,0,1,0,0,0,0,0,0,0,0,183
30,เด็ก,ญ,กำลังศึกษา,ม.ต้น ,ลูก,0,0,N,N,1,0,0,0,0,0,0,0,0,0,0,2494
33,ผู้ใหญ่,ญ,เกษตร-ทำนา,ประถมฯ ,หัวหน้าครัวเรือน,0,1,N,N,0,0,1,0,0,0,0,0,0,0,0,5829
62,ผู้ใหญ่,ช,เกษตร-ทำไร่,ประถมฯ ,หัวหน้าครัวเรือน,0,1,N,N,0,0,1,0,0,0,0,0,0,0,0,1307
53,ผู้ใหญ่,ญ,รับจ้างทั่วไป,ป.ตรี หรือเทียบเท่า,ลูก,0,0,N,N,0,1,0,0,0,0,0,0,0,0,1,225
94,เด็ก,ช,กำลังศึกษา,ม.ต้น ,ลูก,0,0,N,N,1,0,1,0,0,0,0,0,0,0,0,1221
70,ผู้ใหญ่,ญ,รับจ้างทั่วไป,ม.ต้น ,หลาน,0,0,N,N,1,1,0,0,0,0,0,0,0,0,1,109
21,ผู้สูงอายุ,ช,รับจ้างทั่วไป,ประถมฯ ,หัวหน้าครัวเรือน,0,0,Y,N,0,1,0,0,0,0,0,0,0,0,1,1140
21,ผู้ใหญ่,ญ,ค้าขาย,ม.ต้น ,หัวหน้าครัวเรือน,0,0,N,N,0,0,0,0,0,0,0,0,0,0,0,1034
15,ผู้ใหญ่,ญ,รับจ้างทั่วไป,ม.ต้น ,ลูก,0,1,N,N,1,1,1,0,0,0,0,0,0,0,0,18
72,ผู้สูงอายุ,ช,รับจ้างทั่วไป,ประถมฯ ,หัวหน้าครัวเรือน,0,1,Y,N,0,1,1,0,0,0,0,0,0,0,1,2400
15,ผู้ใหญ่,ญ,รับจ้างทั่วไป,ม.ต้น ,ลูก,0,1,N,N,1,1,1,0,0,0,0,0,0,0,1,169
12,ผู้ใหญ่,ญ,รับจ้างทั่วไป,ม.ต้น ,อื่นๆ,0,1,N,N,1,1,1,1,0,0,1,0,0,1,1,1
74,ผู้ใหญ่,ช,เกษตร-ทำสวน,ประถมฯ ,หัวหน้าครัวเรือน,0,0,N,N,0,1,0,0,0,0,0,0,0,0,1,37
12,ผู้สูงอายุ,ญ,ค้าขาย,ม.ปลาย ,หัวหน้าครัวเรือน,0,0,Y,N,0,1,0,0,0,0,0,0,0,0,1,256
20,ผู้ใหญ่,ญ,รับจ้างทั่วไป,ไม่เคยศึกษา,หัวหน้าครัวเรือน,0,1,N,N,0,1,1,1,0,0,1,0,0,0,0,1
17,ผู้ใหญ่,ญ,กำลังศึกษา,ป.ตรี หรือเทียบเท่า,หลาน,0,0,N,N,1,1,0,0,0,0,0,0,0,0,1,35
27,ผู้ใหญ่,ช,รับจ้างทั่วไป,ม.ปลาย ,ลูกเขย,0,0,N,N,1,1,1,1,0,0,0,1,0,0,1,2
14,ผู้ใหญ่,ช,รับจ้างทั่วไป,ม.ปลาย ,อื่นๆ,0,0,N,N,0,0,0,0,0,0,0,0,0,0,0,441
25,ผู้ใหญ่,ญ,รับจ้างทั่วไป,ม.ต้น ,ลูก,0,1,N,N,1,1,1,1,0,0,1,0,0,0,1,26
27,ผู้ใหญ่,ญ,เกษตร-ทำนา,ต่ำกว่าชั้นประถมฯ ,หัวหน้าครัวเรือน,0,1,N,N,1,0,1,0,0,0,0,0,0,0,0,26
36,เด็ก,ญ,กำลังศึกษา,อนุบาล/ศูนย์เด็กเล็ก,หลาน,0,0,N,N,1,0,1,1,0,0,1,0,0,0,0,727
76,เด็ก,ช,กำลังศึกษา,ต่ำกว่าชั้นประถมฯ ,หลาน,0,0,N,N,1,1,0,0,0,0,0,0,0,0,1,522
70,ผู้ใหญ่,ญ,อาชีพอื่นๆ,ประถมฯ ,อื่นๆ,0,0,N,N,0,1,0,0,0,0,0,0,0,0,1,37
73,ผู้สูงอายุ,ญ,ไม่มีอาชีพ,ประถมฯ ,อื่นๆ,0,1,Y,Y,0,1,1,0,0,0,0,0,0,1,1,37
72,ผู้ใหญ่,ญ,กำลังศึกษา,อนุปริญญา หรือเทียบเท่า หรือ ปวส.,ลูก,0,1,N,N,1,0,1,1,1,1,0,0,0,0,0,2
19,ผู้ใหญ่,ช,เกษตร-ทำนา,ประถมฯ ,หัวหน้าครัวเรือน,0,0,Y,N,1,0,1,0,0,0,0,0,0,0,1,12
42,ผู้ใหญ่,ช,ค้าขาย,ประถมฯ ,หัวหน้าครัวเรือน,0,0,N,N,1,1,1,1,0,0,1,0,0,0,1,3
42,ผู้สูงอายุ,ญ,เกษตร-ทำนา,ประถมฯ ,ภรรยา,0,1,Y,N,0,1,1,1,0,0,0,1,0,0,1,22
70,ผู้สูงอายุ,ช,เกษตร-ทำนา,ประถมฯ ,หัวหน้าครัวเรือน,0,0,Y,N,1,1,0,0,0,0,0,0,0,0,1,288
46,ผู้สูงอายุ,ช,ไม่มีอาชีพ,ประถมฯ ,หัวหน้าครัวเรือน,0,1,Y,N,0,1,1,0,0,0,0,0,0,0,1,311
76,ผู้ใหญ่,ช,รับจ้างทั่วไป,ประถมฯ ,ลูก,0,0,N,N,1,0,1,0,0,0,0,0,0,0,0,295
14,เด็ก,ช,กำลังศึกษา,ต่ำกว่าชั้นประถมฯ ,หลาน,0,0,N,N,1,0,1,0,0,0,0,0,0,0,1,142
21,ผู้ใหญ่,ช,เกษตร-ทำสวน,ประถมฯ ,หัวหน้าครัวเรือน,0,0,N,N,1,0,0,1,0,0,1,0,0,0,0,30
73,ผู้ใหญ่,ญ,รับจ้างทั่วไป,ม.ต้น ,ลูก,0,0,N,N,0,1,1,1,0,0,0,1,0,0,1,19
11,ผู้ใหญ่,ช,พนักงานบริษัท,สูงกว่าปริญญาตรี,ลูก,0,1,N,N,1,1,1,1,0,0,0,1,0,0,1,1
24,ผู้สูงอายุ,ช,ไม่มีอาชีพ,ประถมฯ ,หัวหน้าครัวเรือน,0,1,Y,N,0,1,1,0,0,0,0,0,0,0,1,354
20,ผู้ใหญ่,ช,กำลังศึกษา,ม.ต้น ,ลูก,0,0,N,N,1,1,1,0,0,0,0,0,0,0,1,68
27,ผู้สูงอายุ,ญ,รับจ้างทั่วไป,ประถมฯ ,หัวหน้าครัวเรือน,0,1,Y,N,0,1,1,0,0,0,0,0,0,0,1,967
65,ผู้ใหญ่,ญ,เกษตร-ทำนา,ประถมฯ ,ภรรยา,0,0,N,N,1,0,1,1,1,0,0,0,0,0,0,23
74,ผู้ใหญ่,ญ,รับจ้างทั่วไป,อนุปริญญา หรือเทียบเท่า หรือ ปวส.,ลูก,0,0,N,N,0,0,0,0,0,0,0,0,0,0,0,339
76,ผู้ใหญ่,ช,เกษตร-ทำนา,ประถมฯ ,หัวหน้าครัวเรือน,0,0,Y,N,1,0,1,0,0,0,0,0,0,0,1,11
24,ผู้ใหญ่,ญ,พนักงานบริษัท,ม.ปลาย ,ภรรยา,0,0,N,N,1,0,0,0,0,0,0,0,0,0,0,173
24,ผู้ใหญ่,ญ,รับจ้างทั่วไป,ป.ตรี หรือเทียบเท่า,หัวหน้าครัวเรือน,0,0,N,N,1,0,0,0,0,0,0,0,0,0,0,247
13,ผู้ใหญ่,ญ,ค้าขาย,ม.ต้น ,หัวหน้าครัวเรือน,0,0,N,N,0,1,0,0,0,0,0,0,0,0,0,15
25,ผู้ใหญ่,ญ,รับจ้างทั่วไป,ประถมฯ ,ลูก,0,0,N,N,0,1,0,0,0,0,0,0,0,0,1,264
36,ผู้ใหญ่,ช,พนักงาน-รับราชการ,ป.ตรี หรือเทียบเท่า,หัวหน้าครัวเรือน,0,0,N,N,1,0,0,1,0,0,1,0,0,0,0,22
11,เด็ก,ญ,กำลังศึกษา,ม.ต้น ,ลูก,0,0,N,N,1,0,0,0,0,0,0,0,0,0,0,861
32,ผู้ใหญ่,ญ,เกษตร-ทำนา,ไม่เคยศึกษา,แม่,0,1,Y,N,1,0,1,0,0,0,0,0,0,0,1,1
71,ผู้ใหญ่,ญ,พนักงานบริษัท,ม.ปลาย ,ลูก,0,0,N,N,0,0,1,0,0,0,0,0,0,0,1,12
67,ผู้ใหญ่,ญ,รับจ้างทั่วไป,ประถมฯ ,ลูก,0,0,N,N,0,1,1,1,0,0,0,1,0,0,1,62
18,ผู้ใหญ่,ญ,เกษตร-ทำนา,ประถมฯ ,หัวหน้าครัวเรือน,0,0,N,N,0,0,0,0,0,0,0,0,0,0,0,752
37,ผู้ใหญ่,ช,เกษตร-ทำนา,ประถมฯ ,หัวหน้าครัวเรือน,0,0,Y,N,0,1,1,0,0,0,0,0,0,1,1,6
48,ผู้ใหญ่,ญ,รับจ้างทั่วไป,ประถมฯ ,ลูก,0,1,N,N,0,1,1,1,0,0,0,1,0,0,1,3
32,ผู้ใหญ่,ช,รับจ้างทั่วไป,ประถมฯ ,หลาน,0,0,N,N,0,1,0,0,0,0,0,0,0,0,0,12
43,ผู้ใหญ่,ญ,รับจ้างทั่วไป,ม.ปลาย ,ลูก,0,0,N,N,0,1,1,0,0,0,0,0,0,0,1,289
70,ผู้ใหญ่,ญ,รับจ้างทั่วไป,ประถมฯ ,ลูก,0,0,N,N,0,0,1,0,0,0,0,0,0,0,0,139
27,ผู้ใหญ่,ญ,กำลังศึกษา,ม.ปลาย ,ลูก,0,1,N,N,1,0,1,0,0,0,0,0,0,0,0,163
39,ผู้ใหญ่,ช,รับจ้างทั่วไป,ประถมฯ ,หัวหน้าครัวเรือน,0,0,N,N,0,0,0,0,0,0,0,0,0,0,0,1542
31,ผู้ใหญ่,ญ,กำลังศึกษา,ม.ต้น ,ลูก,0,0,N,N,1,0,1,0,0,0,0,0,0,0,0,3271
13,ผู้ใหญ่,ช,กำลังศึกษา,ป.ตรี หรือเทียบเท่า,ลูก,0,0,N,N,0,0,1,0,0,0,0,0,0,0,0,134
30,ผู้ใหญ่,ช,เกษตร-ทำไร่,ประถมฯ ,หัวหน้าครัวเรือน,0,0,N,N,1,0,0,0,0,0,0,0,0,0,0,1532
80,ผู้ใหญ่,ช,รับจ้างทั่วไป,ม.ปลาย ,ลูกเขย,0,1,N,N,0,0,1,0,0,0,0,0,0,0,0,3
48,ผู้ใหญ่,ญ,เกษตร-ทำนา,ประถมฯ ,ภรรยา,0,1,N,Y,0,0,1,0,0,0,0,0,0,1,0,97
21,เด็ก,ช,กำลังศึกษา,อนุบาล/ศูนย์เด็กเล็ก,หลาน,0,0,N,N,1,0,0,0,0,0,0,0,0,0,0,379
20,ผู้ใหญ่,ญ,ค้าขาย,อนุปริญญา หรือเทียบเท่า หรือ ปวส.,หัวหน้าครัวเรือน,0,0,N,N,1,0,0,0,0,0,0,0,0,0,0,147
31,ผู้ใหญ่,ญ,รับจ้างทั่วไป,ป.ตรี หรือเทียบเท่า,ลูก,0,0,N,N,1,0,0,0,0,0,0,0,0,0,0,293
50,ผู้ใหญ่,ญ,รับจ้างทั่วไป,ม.ต้น ,ลูก,0,0,N,N,0,0,0,1,1,1,0,0,0,0,0,6
16,ผู้ใหญ่,ช,รับจ้างทั่วไป,ประถมฯ ,หลาน,0,0,N,N,0,1,1,1,0,0,0,1,0,0,1,29
30,เด็ก,ช,กำลังศึกษา,ประถมฯ ,หลาน,0,0,N,N,1,0,0,0,0,0,0,0,0,0,0,1435
30,ผู้ใหญ่,ช,เกษตร-ทำนา,ม.ต้น ,สามี,0,0,N,N,1,0,1,0,0,0,0,0,0,0,0,132
20,ผู้สูงอายุ,ช,ไม่มีอาชีพ,ประถมฯ ,อื่นๆ,0,1,Y,Y,1,1,1,1,0,0,0,1,0,1,1,5
45,เด็ก,ช,กำลังศึกษา,ต่ำกว่าชั้นประถมฯ ,หลาน,0,0,N,N,1,1,1,0,0,0,0,0,0,0,1,3443
41,ผู้ใหญ่,ญ,รับจ้างทั่วไป,ป.ตรี หรือเทียบเท่า,ลูก,0,1,N,N,1,1,1,0,0,0,0,0,0,1,1,12
57,ผู้ใหญ่,ญ,รับจ้างทั่วไป,ม.ปลาย ,หลาน,0,1,N,N,1,1,1,1,0,0,0,1,0,1,1,5
72,ผู้ใหญ่,ช,เกษตร-ทำนา,ม.ต้น ,หัวหน้าครัวเรือน,0,0,N,N,1,0,0,0,0,0,0,0,0,0,0,313
44,ผู้ใหญ่,ญ,เกษตร-ทำนา,ประถมฯ ,ลูก,0,0,N,N,0,1,1,0,0,0,0,0,0,0,1,1832
95,ผู้ใหญ่,ช,เกษตร-ทำสวน,ม.ต้น ,ลูก,0,1,N,N,1,0,1,1,0,1,0,0,0,0,0,16
84,ผู้ใหญ่,ช,เกษตร-ทำสวน,ม.ต้น ,หัวหน้าครัวเรือน,0,0,N,N,0,0,0,0,0,0,0,0,0,0,0,4369
94,ผู้ใหญ่,ช,รับจ้างทั่วไป,ประถมฯ ,ลูก,0,0,N,N,1,0,1,1,0,0,0,1,0,0,0,76
20,เด็ก,ญ,กำลังศึกษา,ต่ำกว่าชั้นประถมฯ ,ลูก,0,0,N,N,1,0,1,0,0,0,0,0,0,0,0,290
21,ผู้ใหญ่,ญ,ค้าขาย,ประถมฯ ,ลูก,0,0,N,N,0,1,1,0,0,0,0,0,0,0,1,26
86,ผู้ใหญ่,ญ,รับจ้างทั่วไป,ม.ต้น ,หัวหน้าครัวเรือน,0,0,N,N,1,0,1,0,0,0,0,0,0,0,0,23
91,ผู้ใหญ่,ญ,กำลังศึกษา,ป.ตรี หรือเทียบเท่า,ลูก,0,0,N,N,1,0,0,0,0,0,0,0,0,0,0,267
52,ผู้ใหญ่,ช,รับจ้างทั่วไป,อนุปริญญา หรือเทียบเท่า หรือ ปวส.,ลูก,0,0,N,N,1,1,1,0,0,0,0,0,0,0,1,292
19,ผู้สูงอายุ,ญ,ไม่มีอาชีพ,ไม่เคยศึกษา,แม่,0,0,Y,N,0,1,0,0,0,0,0,0,0,0,1,28
38,ผู้ใหญ่,ช,เกษตร-ทำไร่,ม.ปลาย ,สามี,0,1,N,N,1,0,1,0,0,0,0,0,0,0,0,3
14,ผู้ใหญ่,ญ,รับจ้างทั่วไป,อนุปริญญา หรือเทียบเท่า หรือ ปวส.,อื่นๆ,0,0,N,N,1,1,1,0,0,0,0,0,0,0,1,35
30,ผู้ใหญ่,ช,พนักงาน-รับราชการ,อนุปริญญา หรือเทียบเท่า หรือ ปวส.,สามี,0,0,N,N,0,0,0,0,0,0,0,0,0,0,0,21
27,ผู้สูงอายุ,ช,รับจ้างทั่วไป,ประถมฯ ,หัวหน้าครัวเรือน,0,1,Y,N,1,0,1,0,0,0,0,0,0,0,1,59
46,ผู้ใหญ่,ช,ธุรกิจส่วนตัว,อนุปริญญา หรือเทียบเท่า หรือ ปวส.,ลูก,0,0,N,N,0,1,1,0,0,0,0,0,0,0,1,7
73,ผู้ใหญ่,ญ,รับจ้างทั่วไป,ประถมฯ ,อื่นๆ,0,0,N,N,0,0,1,0,0,0,0,0,0,0,0,164
38,ผู้ใหญ่,ช,พนักงาน-รับราชการ,ป.ตรี หรือเทียบเท่า,หัวหน้าครัวเรือน,0,0,N,N,1,0,0,0,0,0,0,0,0,0,0,210
36,ผู้ใหญ่,ญ,รับจ้างทั่วไป,ม.ปลาย ,ลูก,0,1,N,N,1,0,1,1,0,1,0,0,0,0,0,12
44,ผู้สูงอายุ,ญ,เกษตร-ทำนา,ประถมฯ ,ภรรยา,0,0,Y,N,0,1,0,0,0,0,0,0,0,0,1,1162
36,ผู้ใหญ่,ญ,รับจ้างทั่วไป,ม.ต้น ,ลูก,0,1,N,N,0,0,1,0,0,0,0,0,0,0,0,375
44,ผู้ใหญ่,ช,เกษตร-ทำนา,ม.ปลาย ,หัวหน้าครัวเรือน,0,0,N,N,0,1,1,0,0,0,0,0,0,0,1,24
36,ผู้ใหญ่,ญ,เกษตร-ทำนา,ม.ต้น ,หัวหน้าครัวเรือน,0,0,N,Y,1,0,1,0,0,0,0,0,0,1,0,1
42,ผู้สูงอายุ,ช,เกษตร-ทำนา,ประถมฯ ,หัวหน้าครัวเรือน,0,1,Y,Y,0,1,1,0,0,0,0,0,0,1,1,515
43,ผู้สูงอายุ,ญ,เกษตร-ทำนา,ประถมฯ ,ภรรยา,0,0,Y,N,0,1,1,0,0,0,0,0,0,0,1,420
45,ผู้สูงอายุ,ญ,รับจ้างทั่วไป,ประถมฯ ,หัวหน้าครัวเรือน,0,1,Y,N,0,1,1,0,0,0,0,0,0,0,1,716
64,ผู้ใหญ่,ช,รับจ้างทั่วไป,ม.ปลาย ,หัวหน้าครัวเรือน,0,0,N,N,0,0,1,0,0,0,0,0,0,0,0,102
83,ผู้ใหญ่,ญ,ค้าขาย,อนุปริญญา หรือเทียบเท่า หรือ ปวส.,หัวหน้าครัวเรือน,0,0,N,N,1,0,0,0,0,0,0,0,0,0,0,111
81,ผู้ใหญ่,ช,พนักงานบริษัท,ป.ตรี หรือเทียบเท่า,ลูกเขย,0,0,N,N,1,1,0,0,0,0,0,0,0,0,1,8
41,ผู้ใหญ่,ญ,พนักงาน-รับราชการ,ป.ตรี หรือเทียบเท่า,ภรรยา,0,0,N,N,1,0,0,0,0,0,0,0,0,0,0,474
45,ผู้ใหญ่,ญ,เกษตร-ทำนา,ประถมฯ ,หัวหน้าครัวเรือน,0,0,N,N,0,0,1,0,0,0,0,0,0,0,0,2007
43,ผู้ใหญ่,ญ,รับจ้างทั่วไป,ม.ปลาย ,ลูก,0,0,N,N,0,0,1,0,0,0,0,0,0,0,0,453
43,ผู้ใหญ่,ช,เกษตร-ทำนา,ม.ปลาย ,ลูกเขย,0,0,N,N,0,1,1,0,0,0,0,0,0,0,1,10
61,ผู้ใหญ่,ช,รับจ้างทั่วไป,ป.ตรี หรือเทียบเท่า,ลูก,0,0,N,N,0,1,0,0,0,0,0,0,0,0,1,69
35,ผู้ใหญ่,ญ,พนักงานบริษัท,ป.ตรี หรือเทียบเท่า,ลูก,0,0,N,N,0,0,1,0,0,0,0,0,0,0,0,142
38,ผู้สูงอายุ,ช,เกษตร-ทำนา,ประถมฯ ,สามี,0,1,Y,N,0,1,1,0,0,0,0,0,0,0,1,144
61,ผู้ใหญ่,ช,พนักงานบริษัท,ม.ปลาย ,ลูก,0,0,N,N,1,1,1,0,0,0,0,0,0,0,1,11
32,ผู้ใหญ่,ช,รับจ้างทั่วไป,ม.ต้น ,ลูก,0,0,N,N,1,1,1,0,0,0,0,0,0,1,1,581
85,ผู้ใหญ่,ญ,ค้าขาย,ประถมฯ ,ลูก,0,1,N,N,0,1,1,0,0,0,0,0,0,0,1,9
57,ผู้ใหญ่,ญ,เกษตร-ทำนา,ประถมฯ ,ภรรยา,0,0,N,N,1,0,0,0,0,0,0,0,0,0,0,565
30,ผู้ใหญ่,ช,ค้าขาย,ประถมฯ ,ลูก,0,1,N,Y,0,1,1,0,0,0,0,0,0,1,1,17
17,ผู้สูงอายุ,ช,รับจ้างทั่วไป,ประถมฯ ,หัวหน้าครัวเรือน,0,1,Y,N,0,1,1,0,0,0,0,0,0,0,1,757
66,ผู้สูงอายุ,ญ,ไม่มีอาชีพ,ไม่เคยศึกษา,อื่นๆ,1,0,Y,N,1,1,0,1,0,0,0,1,0,0,1,1
44,ผู้ใหญ่,ช,เกษตร-ทำนา,ม.ปลาย ,ลูก,0,0,N,N,1,0,1,0,0,0,0,0,0,0,0,371
65,ผู้ใหญ่,ญ,รับจ้างทั่วไป,ม.ต้น ,หัวหน้าครัวเรือน,0,0,N,N,0,0,0,0,0,0,0,0,0,0,0,1316
93,ผู้ใหญ่,ช,เกษตร-ทำสวน,ป.ตรี หรือเทียบเท่า,หัวหน้าครัวเรือน,0,0,N,N,1,0,0,1,0,0,1,0,0,0,0,31
36,ผู้ใหญ่,ญ,รับจ้างทั่วไป,ม.ปลาย ,ลูก,0,0,N,N,1,1,1,0,0,0,0,0,0,1,1,390
84,ผู้ใหญ่,ญ,รับจ้างทั่วไป,ป.ตรี หรือเทียบเท่า,อื่นๆ,0,0,N,N,0,0,0,0,0,0,0,0,0,0,0,72
56,ผู้ใหญ่,ช,กำลังศึกษา,ม.ปลาย ,ลูก,0,0,N,N,1,0,1,0,0,0,0,0,0,0,1,30
20,ผู้ใหญ่,ญ,พนักงานบริษัท,ป.ตรี หรือเทียบเท่า,ลูก,0,0,N,N,0,1,0,0,0,0,0,0,0,0,1,534
20,ผู้ใหญ่,ช,พนักงาน-รัฐวิสาหกิจ,ม.ปลาย ,หัวหน้าครัวเรือน,0,0,N,N,0,0,0,0,0,0,0,0,0,0,0,138
25,เด็ก,ญ,ไม่มีอาชีพ,ไม่เคยศึกษา,หลาน,0,0,N,N,1,0,0,0,0,0,0,0,0,0,0,375
66,ผู้ใหญ่,ช,กำลังศึกษา,ป.ตรี หรือเทียบเท่า,ลูก,0,1,N,N,0,0,1,0,0,0,0,0,0,0,0,142
66,เด็ก,ช,ไม่มีอาชีพ,ไม่เคยศึกษา,หลาน,0,0,N,N,1,0,0,0,0,0,0,0,0,0,0,207
90,ผู้ใหญ่,ช,ค้าขาย,ม.ต้น ,หัวหน้าครัวเรือน,0,1,N,N,1,0,1,0,0,0,0,0,0,0,0,132
52,ผู้ใหญ่,ช,ค้าขาย,ประถมฯ ,หัวหน้าครัวเรือน,0,0,N,N,1,0,0,0,0,0,0,0,0,0,0,145
52,ผู้สูงอายุ,ช,รับจ้างทั่วไป,ประถมฯ ,หัวหน้าครัวเรือน,1,0,Y,N,0,1,0,0,0,0,0,0,0,0,1,69
54,ผู้ใหญ่,ช,เกษตร-ทำนา,ประถมฯ ,หัวหน้าครัวเรือน,0,0,Y,N,1,0,0,0,0,0,0,0,0,0,1,25
62,ผู้ใหญ่,ช,รับจ้างทั่วไป,ม.ต้น ,หัวหน้าครัวเรือน,0,1,N,N,0,0,1,0,0,0,0,0,0,0,0,318
65,ผู้ใหญ่,ญ,เกษตร-ทำนา,ประถมฯ ,ภรรยา,0,1,N,N,1,0,1,0,0,0,0,0,0,1,0,92
60,ผู้ใหญ่,ช,ค้าขาย,ประถมฯ ,อื่นๆ,0,0,N,N,0,1,1,0,0,0,0,0,0,1,1,5
60,ผู้สูงอายุ,ช,รับจ้างทั่วไป,ม.ต้น ,หัวหน้าครัวเรือน,0,1,Y,N,0,1,1,0,0,0,0,0,0,0,1,137
62,เด็ก,ช,ไม่มีอาชีพ,ไม่เคยศึกษา,ลูก,0,0,N,N,1,0,1,0,0,0,0,0,0,0,0,619
54,ผู้ใหญ่,ช,รับจ้างทั่วไป,ม.ปลาย ,หลาน,0,0,N,N,0,1,1,0,0,0,0,0,0,0,1,153
62,ผู้สูงอายุ,ญ,เกษตร-ทำสวน,ประถมฯ ,ภรรยา,0,1,Y,N,1,1,1,0,0,0,0,0,0,0,1,21
91,ผู้ใหญ่,ญ,พนักงานบริษัท,ม.ปลาย ,หัวหน้าครัวเรือน,0,0,N,N,0,0,0,1,0,1,0,0,0,0,0,2
52,ผู้ใหญ่,ญ,กำลังศึกษา,ป.ตรี หรือเทียบเท่า,ลูก,0,0,N,N,0,0,0,0,0,0,0,0,0,0,0,728
62,ผู้สูงอายุ,ช,เกษตร-ทำไร่,ประถมฯ ,หัวหน้าครัวเรือน,0,0,N,N,1,1,1,0,0,0,0,0,0,0,1,22
54,ผู้ใหญ่,ญ,รับจ้างทั่วไป,ประถมฯ ,ภรรยา,0,1,Y,N,1,1,1,0,0,0,0,0,0,0,1,75
51,ผู้ใหญ่,ช,ค้าขาย,ประถมฯ ,หัวหน้าครัวเรือน,0,1,N,Y,0,0,1,0,0,0,0,0,0,1,0,8
50,ผู้ใหญ่,ช,รับจ้างทั่วไป,ม.ปลาย ,ลูก,0,0,N,N,1,0,1,0,0,0,0,0,0,0,0,566
53,ผู้สูงอายุ,ญ,ไม่มีอาชีพ,ประถมฯ ,อื่นๆ,0,0,Y,N,1,1,0,0,0,0,0,0,0,0,1,10
60,ผู้ใหญ่,ช,รับจ้างทั่วไป,ประถมฯ ,หัวหน้าครัวเรือน,0,0,N,N,1,0,1,0,0,0,0,0,0,0,0,1135
60,ผู้ใหญ่,ญ,อาชีพอื่นๆ,อนุปริญญา หรือเทียบเท่า หรือ ปวส.,ลูก,0,0,N,N,1,0,1,0,0,0,0,0,0,0,0,9
50,เด็ก,ญ,กำลังศึกษา,ม.ต้น ,ลูก,0,0,N,N,1,0,0,0,0,0,0,0,0,0,0,1229
47,ผู้สูงอายุ,ช,เกษตร-ทำนา,ประถมฯ ,หัวหน้าครัวเรือน,0,0,Y,N,0,1,1,0,0,0,0,0,0,0,1,2758
48,เด็ก,ช,กำลังศึกษา,ประถมฯ ,หลาน,0,0,N,N,1,1,1,0,0,0,0,0,0,0,1,2969
52,ผู้ใหญ่,ญ,เกษตร-ทำนา,ม.ปลาย ,ภรรยา,0,1,N,N,1,0,1,0,0,0,0,0,0,0,0,241
34,ผู้ใหญ่,ช,รับจ้างทั่วไป,ม.ต้น ,ลูก,0,0,N,N,1,0,0,0,0,0,0,0,0,0,0,891
22,ผู้ใหญ่,ช,เกษตร-ทำสวน,ม.ปลาย ,หัวหน้าครัวเรือน,0,0,N,N,0,0,0,0,0,0,0,0,0,0,0,673
11,ผู้ใหญ่,ญ,รับจ้างทั่วไป,ม.ต้น ,อื่นๆ,0,0,N,N,0,1,1,0,0,0,0,0,0,0,1,297
41,ผู้สูงอายุ,ช,เกษตร-ทำนา,ประถมฯ ,หัวหน้าครัวเรือน,1,1,Y,N,0,1,1,0,0,0,0,0,0,0,1,465
40,ผู้สูงอายุ,ญ,ค้าขาย,ประถมฯ ,ภรรยา,0,0,Y,N,0,1,0,0,0,0,0,0,0,0,1,280
73,ผู้สูงอายุ,ญ,ธุรกิจส่วนตัว,ประถมฯ ,หัวหน้าครัวเรือน,0,0,Y,N,0,1,0,0,0,0,0,0,0,0,1,209
40,ผู้ใหญ่,ช,พนักงาน-รับราชการ,ป.ตรี หรือเทียบเท่า,ลูก,0,0,N,N,1,1,0,0,0,0,0,0,0,1,1,13
60,ผู้ใหญ่,ญ,รับจ้างทั่วไป,ม.ต้น ,ภรรยา,1,1,N,N,0,0,1,1,0,1,0,0,0,0,0,1
92,เด็ก,ช,กำลังศึกษา,ประถมฯ ,หลาน,0,0,N,N,1,0,1,0,0,0,0,0,0,0,0,432
67,เด็ก,ช,กำลังศึกษา,ต่ำกว่าชั้นประถมฯ ,หลาน,0,0,N,N,1,0,1,0,0,0,0,0,0,0,0,1460
63,ผู้ใหญ่,ญ,รับจ้างทั่วไป,ม.ปลาย ,ลูก,0,1,N,N,0,0,1,0,0,0,0,0,0,0,0,148
96,ผู้ใหญ่,ญ,รับจ้างทั่วไป,ต่ำกว่าชั้นประถมฯ ,ภรรยา,0,1,N,N,1,0,1,0,0,0,0,0,0,0,0,114
94,ผู้ใหญ่,ญ,เกษตร-ประมง,ต่ำกว่าชั้นประถมฯ ,หัวหน้าครัวเรือน,0,1,Y,N,1,1,1,0,0,0,0,0,0,0,1,1
57,ผู้ใหญ่,ญ,กำลังศึกษา,ป.ตรี หรือเทียบเท่า,ลูก,0,0,N,N,0,1,0,0,0,0,0,0,0,0,1,114
63,เด็ก,ช,กำลังศึกษา,ประถมฯ ,หลาน,0,0,N,N,1,0,1,0,0,0,0,0,0,0,0,348
47,ผู้ใหญ่,ช,เกษตร-ทำนา,ม.ต้น ,หัวหน้าครัวเรือน,0,1,N,N,0,0,1,0,0,0,0,0,0,0,0,1298
51,ผู้ใหญ่,ญ,รับจ้างทั่วไป,อนุปริญญา หรือเทียบเท่า หรือ ปวส.,ลูก,0,1,N,N,0,1,1,0,0,0,0,0,0,1,1,15
94,ผู้ใหญ่,ช,รับจ้างทั่วไป,ประถมฯ ,หัวหน้าครัวเรือน,0,1,N,N,0,0,1,0,0,0,0,0,0,0,0,1223
41,ผู้ใหญ่,ช,กำลังศึกษา,ม.ต้น ,หลาน,0,0,N,N,1,1,1,0,0,0,0,0,0,0,1,2302
31,ผู้ใหญ่,ช,รับจ้างทั่วไป,ม.ปลาย ,ลูก,0,1,N,N,1,0,1,0,0,0,0,0,0,0,0,477
34,ผู้สูงอายุ,ช,รับจ้างทั่วไป,ประถมฯ ,สามี,0,1,Y,N,0,1,1,0,0,0,0,0,0,0,1,108
67,ผู้ใหญ่,ช,รับจ้างทั่วไป,ประถมฯ ,ลูก,0,0,N,N,0,0,1,0,0,0,0,0,0,0,0,815
93,ผู้ใหญ่,ช,เกษตร-ทำสวน,ม.ต้น ,อื่นๆ,0,0,N,N,1,0,1,0,0,0,0,0,0,0,0,20
84,เด็ก,ญ,กำลังศึกษา,อนุบาล/ศูนย์เด็กเล็ก,ลูก,0,0,N,N,1,0,0,0,0,0,0,0,0,0,0,1608
41,ผู้สูงอายุ,ช,รับจ้างทั่วไป,ประถมฯ ,หัวหน้าครัวเรือน,1,1,Y,N,0,1,1,0,0,0,0,0,0,0,1,92
64,ผู้ใหญ่,ญ,รับจ้างทั่วไป,ป.ตรี หรือเทียบเท่า,ลูก,0,0,N,N,1,1,0,0,0,0,0,0,0,0,1,107
64,ผู้สูงอายุ,ญ,อาชีพอื่นๆ,ประถมฯ ,หัวหน้าครัวเรือน,0,0,Y,N,1,1,0,0,0,0,0,0,0,0,1,61
94,ผู้ใหญ่,ญ,รับจ้างทั่วไป,ม.ต้น ,อื่นๆ,0,1,N,N,1,0,1,0,0,0,0,0,0,0,0,103
57,ผู้ใหญ่,ญ,รับจ้างทั่วไป,ป.ตรี หรือเทียบเท่า,ลูก,0,0,N,N,1,0,0,0,0,0,0,0,0,0,0,270
64,ผู้ใหญ่,ญ,รับจ้างทั่วไป,ประถมฯ ,ลูก,0,1,N,N,0,1,1,0,0,0,0,0,0,0,0,29
54,ผู้ใหญ่,ช,รับจ้างทั่วไป,อนุปริญญา หรือเทียบเท่า หรือ ปวส.,ลูก,0,0,N,N,0,1,1,1,0,0,0,0,1,0,1,1
56,ผู้สูงอายุ,ญ,พนักงาน-รับราชการ,ม.ปลาย ,หัวหน้าครัวเรือน,0,0,N,N,0,1,0,0,0,0,0,0,0,0,0,17
81,ผู้ใหญ่,ช,รับจ้างทั่วไป,ประถมฯ ,หัวหน้าครัวเรือน,0,0,N,N,0,0,1,0,0,0,0,0,0,0,0,286
56,ผู้ใหญ่,ญ,กำลังศึกษา,ม.ปลาย ,ลูก,0,1,N,N,0,0,1,0,0,0,0,0,0,0,0,224
57,ผู้ใหญ่,ญ,พนักงาน-รับราชการ,ป.ตรี หรือเทียบเท่า,หัวหน้าครัวเรือน,0,0,N,N,1,0,0,0,0,0,0,0,0,0,0,290
57,ผู้ใหญ่,ช,เกษตร-ทำสวน,ประถมฯ ,หัวหน้าครัวเรือน,0,1,Y,N,0,0,1,0,0,0,0,0,0,0,1,83
64,ผู้ใหญ่,ญ,รับจ้างทั่วไป,ประถมฯ ,ภรรยา,0,0,N,N,0,0,1,0,0,0,0,0,0,0,0,244
62,เด็ก,ญ,กำลังศึกษา,ประถมฯ ,หลาน,0,0,N,N,1,0,1,0,0,0,0,0,0,0,0,1008
80,ผู้ใหญ่,ช,อาชีพอื่นๆ,ป.ตรี หรือเทียบเท่า,หัวหน้าครัวเรือน,0,0,N,N,1,0,1,0,0,0,0,0,0,1,0,1
53,ผู้ใหญ่,ช,รับจ้างทั่วไป,ม.ต้น ,หัวหน้าครัวเรือน,0,0,N,N,0,0,0,0,0,0,0,0,0,0,0,906
84,เด็ก,ช,กำลังศึกษา,อนุบาล/ศูนย์เด็กเล็ก,หลาน,0,0,N,N,1,0,1,0,0,0,0,0,0,0,0,355
64,เด็ก,ญ,กำลังศึกษา,ประถมฯ ,ลูก,0,0,N,N,1,0,1,0,0,0,0,0,0,0,0,1746
95,ผู้ใหญ่,ช,เกษตร-ทำสวน,ประถมฯ ,หัวหน้าครัวเรือน,0,0,N,Y,1,0,1,0,0,0,0,0,0,1,0,16
80,ผู้สูงอายุ,ช,รับจ้างทั่วไป,ไม่เคยศึกษา,อื่นๆ,0,1,Y,N,0,1,1,0,0,0,0,0,0,0,1,2
50,ผู้ใหญ่,ญ,ค้าขาย,ประถมฯ ,หัวหน้าครัวเรือน,0,0,N,N,0,0,0,0,0,0,0,0,0,0,0,1546
80,ผู้ใหญ่,ญ,รับจ้างทั่วไป,ม.ปลาย ,ลูก,0,0,N,N,0,0,1,0,0,0,0,0,0,0,0,386
90,ผู้ใหญ่,ช,รับจ้างทั่วไป,ประถมฯ ,ลูก,0,0,N,N,1,1,1,0,0,0,0,0,0,1,1,133
44,ผู้ใหญ่,ญ,เกษตร-ทำนา,ม.ปลาย ,ลูก,0,0,N,N,0,1,1,0,0,0,0,0,0,1,1,81
36,ผู้ใหญ่,ช,เกษตร-ทำไร่,ประถมฯ ,หัวหน้าครัวเรือน,0,0,N,N,1,0,1,0,0,0,0,0,0,0,0,698
36,ผู้ใหญ่,ช,เกษตร-ทำนา,ม.ปลาย ,หัวหน้าครัวเรือน,0,0,N,N,1,0,0,0,0,0,0,0,0,0,0,262
60,ผู้ใหญ่,ช,พนักงาน-รับราชการ,สูงกว่าปริญญาตรี,หัวหน้าครัวเรือน,0,0,N,N,0,0,0,0,0,0,0,0,0,0,0,142
60,ผู้ใหญ่,ช,กำลังศึกษา,ป.ตรี หรือเทียบเท่า,ลูก,0,0,N,N,0,0,1,0,0,0,0,0,0,0,0,187
90,ผู้สูงอายุ,ญ,เกษตร-ทำสวน,ประถมฯ ,หัวหน้าครัวเรือน,0,0,Y,N,0,0,0,0,0,0,0,0,0,0,1,119
65,เด็ก,ช,กำลังศึกษา,ประถมฯ ,ลูก,0,0,N,N,1,1,0,0,0,0,0,0,0,0,1,85
54,ผู้สูงอายุ,ญ,พนักงาน-รับราชการ,สูงกว่าปริญญาตรี,ภรรยา,0,0,N,N,1,1,0,0,0,0,0,0,0,0,0,2
49,ผู้ใหญ่,ญ,ค้าขาย,ม.ปลาย ,หัวหน้าครัวเรือน,0,0,N,N,0,0,0,0,0,0,0,0,0,0,0,251
50,ผู้ใหญ่,ญ,ค้าขาย,สูงกว่าปริญญาตรี,ลูก,0,0,N,N,0,0,0,0,0,0,0,0,0,0,0,4
50,ผู้ใหญ่,ช,อาชีพอื่นๆ,ป.ตรี หรือเทียบเท่า,หัวหน้าครัวเรือน,0,0,N,N,0,0,0,0,0,0,0,0,0,0,0,456
31,เด็ก,ญ,ไม่มีอาชีพ,ไม่เคยศึกษา,ลูก,0,0,N,N,1,0,1,0,0,0,0,0,0,0,0,822
42,เด็ก,ช,กำลังศึกษา,ต่ำกว่าชั้นประถมฯ ,ลูก,0,0,N,N,1,0,1,0,0,0,0,0,0,0,0,908
30,เด็ก,ช,กำลังศึกษา,ต่ำกว่าชั้นประถมฯ ,หลาน,0,0,N,N,1,1,0,0,0,0,0,0,0,0,1,1001
61,ผู้ใหญ่,ช,เกษตร-ทำไร่,ประถมฯ ,ลูกเขย,0,0,N,N,1,1,1,0,0,0,0,0,0,1,1,5
85,เด็ก,ช,กำลังศึกษา,ม.ต้น ,ลูก,0,0,N,N,1,0,0,0,0,0,0,0,0,0,0,429
61,ผู้สูงอายุ,ช,เกษตร-ทำไร่,ประถมฯ ,หัวหน้าครัวเรือน,0,1,Y,Y,0,1,1,0,0,0,0,0,0,1,1,105
42,ผู้ใหญ่,ช,รับจ้างทั่วไป,ประถมฯ ,หัวหน้าครัวเรือน,0,0,N,N,0,0,0,0,0,0,0,0,0,0,0,1270
44,ผู้ใหญ่,ช,รับจ้างทั่วไป,ม.ปลาย ,สามี,0,0,N,N,0,0,1,0,0,0,0,0,0,0,0,49
32,ผู้ใหญ่,ช,รับจ้างทั่วไป,ม.ต้น ,ลูก,0,0,N,N,0,0,1,0,0,0,0,0,0,0,0,1977
67,ผู้สูงอายุ,ญ,ไม่มีอาชีพ,ประถมฯ ,แม่,0,0,Y,N,0,1,0,0,0,0,0,0,0,0,1,173
34,ผู้ใหญ่,ช,กำลังศึกษา,ม.ปลาย ,ลูก,0,1,N,N,1,0,1,1,0,0,1,0,0,0,0,44
40,เด็ก,ช,กำลังศึกษา,อนุบาล/ศูนย์เด็กเล็ก,หลาน,0,0,N,N,1,0,0,1,0,0,1,0,0,0,1,48
50,ผู้สูงอายุ,ช,ไม่มีอาชีพ,ประถมฯ ,หัวหน้าครัวเรือน,0,1,Y,Y,0,1,1,0,0,0,0,0,0,1,1,471
38,ผู้ใหญ่,ช,เกษตร-ทำสวน,ประถมฯ ,หัวหน้าครัวเรือน,0,1,N,N,1,0,1,0,0,0,0,0,0,0,0,1054
14,ผู้ใหญ่,ญ,รับจ้างทั่วไป,ม.ปลาย ,อื่นๆ,0,0,N,N,0,1,1,0,0,0,0,0,0,0,1,154
96,ผู้ใหญ่,ช,รับจ้างทั่วไป,ม.ต้น ,หัวหน้าครัวเรือน,0,0,N,N,0,0,0,0,0,0,0,0,0,0,0,1226
84,ผู้ใหญ่,ญ,กำลังศึกษา,ม.ปลาย ,ลูก,0,0,N,N,1,1,1,0,0,0,0,0,0,0,1,117
52,ผู้สูงอายุ,ญ,ธุรกิจส่วนตัว,อนุปริญญา หรือเทียบเท่า หรือ ปวส.,หัวหน้าครัวเรือน,0,0,N,N,0,1,0,0,0,0,0,0,0,0,0,4
31,เด็ก,ช,กำลังศึกษา,ประถมฯ ,หลาน,0,0,N,N,1,0,1,0,0,0,0,0,0,0,0,2687
80,ผู้ใหญ่,ญ,ค้าขาย,ประถมฯ ,ภรรยา,0,1,N,N,0,0,1,0,0,0,0,0,0,0,0,257
77,เด็ก,ช,กำลังศึกษา,ต่ำกว่าชั้นประถมฯ ,ลูก,0,0,N,N,1,0,0,0,0,0,0,0,0,0,0,1071
45,ผู้ใหญ่,ญ,รับจ้างทั่วไป,ประถมฯ ,ลูก,0,0,N,N,0,1,1,0,0,0,0,0,0,0,1,1306
67,ผู้สูงอายุ,ช,รับจ้างทั่วไป,ประถมฯ ,หัวหน้าครัวเรือน,1,1,Y,N,1,1,1,0,0,0,0,0,0,0,1,82
84,ผู้ใหญ่,ญ,ค้าขาย,ม.ต้น ,ลูกสะใภ้,0,1,N,N,1,0,1,0,0,0,0,0,0,0,0,6
67,ผู้ใหญ่,ช,กำลังศึกษา,ม.ปลาย ,ลูก,0,0,N,N,0,0,1,0,0,0,0,0,0,0,0,622
34,เด็ก,ญ,กำลังศึกษา,ไม่เคยศึกษา,อื่นๆ,0,0,N,N,1,1,1,0,0,0,0,0,0,0,1,4
60,ผู้ใหญ่,ญ,กำลังศึกษา,ม.ปลาย ,ลูกเขย,0,0,N,N,1,0,0,0,0,0,0,0,0,0,0,1
14,เด็ก,ช,กำลังศึกษา,ประถมฯ ,หลาน,0,0,N,N,1,0,0,0,0,0,0,0,0,0,0,690
93,ผู้สูงอายุ,ช,เกษตร-ทำสวน,ต่ำกว่าชั้นประถมฯ ,หัวหน้าครัวเรือน,0,0,Y,N,0,1,0,0,0,0,0,0,0,0,1,124
34,ผู้ใหญ่,ช,เกษตร-ทำนา,ประถมฯ ,อื่นๆ,0,0,N,N,0,1,1,0,0,0,0,0,0,1,1,69
57,ผู้ใหญ่,ญ,พนักงานบริษัท,อนุปริญญา หรือเทียบเท่า หรือ ปวส.,ลูก,0,0,N,N,1,1,1,0,0,0,0,0,0,0,1,24
74,ผู้สูงอายุ,ญ,รับจ้างทั่วไป,ประถมฯ ,หัวหน้าครัวเรือน,0,1,Y,N,0,0,1,0,0,0,0,0,0,0,1,56
20,ผู้ใหญ่,ญ,ธุรกิจส่วนตัว,ป.ตรี หรือเทียบเท่า,หัวหน้าครัวเรือน,0,0,N,N,0,0,0,0,0,0,0,0,0,0,0,2074
81,ผู้ใหญ่,ญ,เกษตร-ทำสวน,ประถมฯ ,ภรรยา,0,0,N,N,0,0,0,1,1,1,0,0,0,0,0,55
45,ผู้สูงอายุ,ช,ค้าขาย,ประถมฯ ,หลาน,0,0,Y,N,0,1,1,0,0,0,0,0,0,1,1,1
76,ผู้ใหญ่,ญ,รับจ้างทั่วไป,ม.ต้น ,หัวหน้าครัวเรือน,0,0,N,N,1,0,0,0,0,0,0,0,0,0,0,572
40,เด็ก,ญ,กำลังศึกษา,ต่ำกว่าชั้นประถมฯ ,หลาน,0,0,N,N,1,1,1,0,0,0,0,0,0,0,1,3403
31,ผู้ใหญ่,ช,รับจ้างทั่วไป,ม.ปลาย ,สามี,0,0,N,N,1,0,0,0,0,0,0,0,0,0,0,146
60,ผู้ใหญ่,ญ,เกษตร-ทำนา,ประถมฯ ,ภรรยา,0,0,N,N,1,0,0,0,0,0,0,0,0,0,0,1278
52,ผู้ใหญ่,ช,เกษตร-ทำนา,ประถมฯ ,หัวหน้าครัวเรือน,0,1,N,N,1,0,1,0,0,0,0,0,0,0,0,2243
62,ผู้ใหญ่,ญ,รับจ้างทั่วไป,อนุปริญญา หรือเทียบเท่า หรือ ปวส.,ภรรยา,0,0,N,N,1,0,0,0,0,0,0,0,0,0,0,43
96,ผู้ใหญ่,ช,เกษตร-ทำสวน,ม.ปลาย ,หัวหน้าครัวเรือน,0,0,N,N,0,0,1,0,0,0,0,0,0,0,0,45
67,ผู้ใหญ่,ช,รับจ้างทั่วไป,ประถมฯ ,หัวหน้าครัวเรือน,0,0,N,N,0,0,1,0,0,0,0,0,0,0,0,1148
11,ผู้ใหญ่,ญ,รับจ้างทั่วไป,ม.ต้น ,ภรรยา,0,0,N,N,0,0,0,0,0,0,0,0,0,0,0,636
23,ผู้ใหญ่,ช,รับจ้างทั่วไป,ประถมฯ ,ลูก,0,0,N,N,0,1,0,0,0,0,0,0,0,0,1,191
47,ผู้ใหญ่,ช,เกษตร-ทำนา,ม.ปลาย ,ลูก,0,0,N,N,0,1,1,0,0,0,0,0,0,1,1,93
95,ผู้ใหญ่,ญ,กำลังศึกษา,ม.ต้น ,หลาน,0,0,N,N,1,0,1,0,0,0,0,0,0,0,0,42
80,ผู้ใหญ่,ญ,ไม่มีอาชีพ,ประถมฯ ,ลูก,0,0,N,Y,1,1,1,0,0,0,0,0,0,1,1,6
93,ผู้ใหญ่,ช,กำลังศึกษา,ม.ต้น ,ลูก,0,0,N,N,1,0,1,0,0,0,0,0,0,0,0,1227
54,ผู้สูงอายุ,ญ,ไม่มีอาชีพ,ประถมฯ ,ภรรยา,0,0,Y,N,0,1,0,0,0,0,0,0,0,0,1,162
47,เด็ก,ญ,กำลังศึกษา,ต่ำกว่าชั้นประถมฯ ,หลาน,0,0,N,N,1,1,1,0,0,0,0,0,0,1,1,499
70,ผู้ใหญ่,ช,กำลังศึกษา,ม.ต้น ,หลาน,0,0,N,N,1,0,1,0,0,0,0,0,0,1,0,17
15,ผู้ใหญ่,ช,รับจ้างทั่วไป,ประถมฯ ,หลาน,0,0,N,N,0,1,0,0,0,0,0,0,0,0,0,7
95,ผู้ใหญ่,ช,ค้าขาย,ประถมฯ ,หัวหน้าครัวเรือน,0,0,N,N,1,0,1,1,0,0,1,0,0,0,0,9
64,ผู้ใหญ่,ญ,เกษตร-ทำนา,ประถมฯ ,ภรรยา,0,0,N,N,0,0,0,0,0,0,0,0,0,0,0,835
80,เด็ก,ญ,กำลังศึกษา,ต่ำกว่าชั้นประถมฯ ,ลูก,0,0,N,N,1,0,1,0,0,0,0,0,0,0,0,1899
62,ผู้ใหญ่,ช,เกษตร-ทำไร่,ม.ต้น ,ลูก,0,0,N,N,0,0,1,0,0,0,0,0,0,0,0,139
57,ผู้ใหญ่,ช,เกษตร-ทำนา,ไม่เคยศึกษา,หัวหน้าครัวเรือน,0,1,Y,N,1,0,1,0,0,0,0,0,0,0,1,34
96,เด็ก,ญ,กำลังศึกษา,ม.ต้น ,ลูก,0,0,N,N,1,0,1,1,0,1,0,0,0,0,0,124
50,เด็ก,ช,กำลังศึกษา,อนุบาล/ศูนย์เด็กเล็ก,หลาน,0,0,N,N,1,1,1,0,0,0,0,0,0,0,1,1226
67,ผู้ใหญ่,ญ,เกษตร-ทำนา,ประถมฯ ,ภรรยา,0,0,Y,N,0,1,0,0,0,0,0,0,0,0,1,85
70,ผู้ใหญ่,ช,รับจ้างทั่วไป,ม.ปลาย ,อื่นๆ,0,0,N,N,0,1,1,0,0,0,0,0,0,0,1,217
21,ผู้ใหญ่,ญ,รับจ้างทั่วไป,ม.ปลาย ,หัวหน้าครัวเรือน,0,1,N,N,0,0,1,0,0,0,0,0,0,0,0,261
41,ผู้ใหญ่,ญ,กำลังศึกษา,ม.ปลาย ,ลูก,0,0,N,N,0,0,0,0,0,0,0,0,0,0,0,1210
21,ผู้ใหญ่,ญ,รับจ้างทั่วไป,อนุปริญญา หรือเทียบเท่า หรือ ปวส.,หัวหน้าครัวเรือน,0,0,N,N,1,0,0,0,0,0,0,0,0,0,0,448
40,ผู้ใหญ่,ช,รับจ้างทั่วไป,ป.ตรี หรือเทียบเท่า,อื่นๆ,0,1,N,N,1,0,1,0,0,0,0,0,0,0,0,10
48,ผู้ใหญ่,ช,รับจ้างทั่วไป,ประถมฯ ,ลูก,0,0,N,N,1,1,0,0,0,0,0,0,0,0,1,122
91,เด็ก,ญ,กำลังศึกษา,อนุบาล/ศูนย์เด็กเล็ก,ลูก,0,0,N,N,1,0,1,0,0,0,0,0,0,0,0,941
42,ผู้สูงอายุ,ช,เกษตร-ทำนา,ประถมฯ ,หัวหน้าครัวเรือน,0,0,Y,N,1,1,0,0,0,0,0,0,0,0,1,210
42,ผู้ใหญ่,ญ,กำลังศึกษา,อนุปริญญา หรือเทียบเท่า หรือ ปวส.,ลูก,0,0,N,N,0,0,0,0,0,0,0,0,0,0,0,75
42,ผู้ใหญ่,ญ,กำลังศึกษา,ป.ตรี หรือเทียบเท่า,ลูก,0,0,N,N,0,0,1,0,0,0,0,0,0,1,0,22
31,ผู้ใหญ่,ญ,เกษตร-ทำนา,ประถมฯ ,อื่นๆ,0,1,Y,Y,1,1,1,1,1,0,0,0,0,1,1,1
30,ผู้สูงอายุ,ญ,ไม่มีอาชีพ,ประถมฯ ,แม่,0,0,Y,N,1,1,1,0,0,0,0,0,0,0,1,156
56,ผู้ใหญ่,ญ,เกษตร-ทำนา,ประถมฯ ,หัวหน้าครัวเรือน,0,0,N,N,0,0,0,0,0,0,0,0,0,0,0,720
41,ผู้สูงอายุ,ญ,รับจ้างทั่วไป,ประถมฯ ,ภรรยา,0,0,Y,N,0,1,0,0,0,0,0,0,0,0,1,149
23,ผู้สูงอายุ,ช,อาชีพอื่นๆ,ม.ปลาย ,หัวหน้าครัวเรือน,0,0,N,N,0,1,0,1,0,0,0,1,0,0,0,1
12,ผู้สูงอายุ,ญ,อาชีพอื่นๆ,ประถมฯ ,หัวหน้าครัวเรือน,0,0,Y,N,1,1,0,1,0,0,1,0,0,0,1,2
60,ผู้สูงอายุ,ญ,ไม่มีอาชีพ,ต่ำกว่าชั้นประถมฯ ,อื่นๆ,1,0,Y,N,0,1,1,0,0,0,0,0,0,0,1,1
50,ผู้ใหญ่,ช,เกษตร-ทำสวน,ประถมฯ ,หัวหน้าครัวเรือน,0,0,N,N,0,0,0,0,0,0,0,0,0,0,0,1775
11,ผู้ใหญ่,ญ,พนักงานบริษัท,ป.ตรี หรือเทียบเท่า,หัวหน้าครัวเรือน,0,0,N,N,1,1,0,1,0,0,1,1,0,0,1,1
73,ผู้สูงอายุ,ช,ไม่มีอาชีพ,ไม่เคยศึกษา,หัวหน้าครัวเรือน,0,0,Y,N,1,1,0,1,0,0,0,1,0,0,1,5
81,ผู้ใหญ่,ช,กำลังศึกษา,ม.ปลาย ,ลูก,0,0,N,N,1,0,0,0,0,0,0,0,0,0,0,1283
93,ผู้ใหญ่,ญ,ค้าขาย,อนุปริญญา หรือเทียบเท่า หรือ ปวส.,ลูก,0,1,N,N,1,1,1,1,0,0,1,0,0,1,1,3
80,ผู้ใหญ่,ช,ค้าขาย,ม.ปลาย ,หัวหน้าครัวเรือน,0,1,N,N,0,0,1,0,0,0,0,0,0,0,0,85
95,ผู้ใหญ่,ญ,ไม่มีอาชีพ,ไม่เคยศึกษา,ลูก,0,0,N,Y,0,0,0,0,0,0,0,0,0,1,0,2
50,ผู้สูงอายุ,ญ,เกษตร-ทำสวน,ประถมฯ ,หัวหน้าครัวเรือน,0,0,Y,N,0,1,0,0,0,0,0,0,0,0,1,735
85,ผู้สูงอายุ,ช,พนักงาน-รับราชการ,สูงกว่าปริญญาตรี,สามี,0,0,N,N,0,1,0,1,0,1,0,0,0,0,0,1
81,ผู้ใหญ่,ช,เกษตร-ทำสวน,ประถมฯ ,ลูก,0,0,N,N,0,0,0,1,1,1,0,0,0,0,0,8
93,ผู้ใหญ่,ญ,รับจ้างทั่วไป,อนุปริญญา หรือเทียบเท่า หรือ ปวส.,ลูก,0,1,N,N,1,0,1,0,0,0,0,0,0,0,0,49
93,ผู้สูงอายุ,ญ,ไม่มีอาชีพ,ประถมฯ ,อื่นๆ,0,0,Y,N,1,1,1,0,0,0,0,0,0,0,1,7
46,ผู้ใหญ่,ญ,เกษตร-ทำนา,ประถมฯ ,ลูก,0,0,N,N,0,1,1,0,0,0,0,0,0,0,1,1218
20,ผู้ใหญ่,ญ,ค้าขาย,ม.ปลาย ,ลูก,0,1,N,N,0,1,1,0,0,0,0,0,0,0,1,28
30,ผู้ใหญ่,ช,รับจ้างทั่วไป,ประถมฯ ,สามี,1,1,N,N,0,0,1,0,0,0,0,0,0,0,0,21
54,ผู้ใหญ่,ญ,กำลังศึกษา,ม.ปลาย ,หลาน,0,0,N,N,1,1,0,0,0,0,0,0,0,0,1,134
84,ผู้ใหญ่,ญ,รับจ้างทั่วไป,ม.ต้น ,หัวหน้าครัวเรือน,0,1,N,N,1,0,1,0,0,0,0,0,0,0,0,160
47,ผู้สูงอายุ,ญ,เกษตร-ทำสวน,ประถมฯ ,หัวหน้าครัวเรือน,0,1,Y,N,0,1,1,0,0,0,0,0,0,0,1,85
40,ผู้ใหญ่,ญ,กำลังศึกษา,ป.ตรี หรือเทียบเท่า,หลาน,0,1,N,N,0,1,1,0,0,0,0,0,0,0,1,316
60,ผู้ใหญ่,ญ,รับจ้างทั่วไป,ม.ต้น ,ลูก,0,0,N,N,1,0,0,0,0,0,0,0,0,0,0,513
11,ผู้ใหญ่,ญ,รับจ้างทั่วไป,ป.ตรี หรือเทียบเท่า,หัวหน้าครัวเรือน,0,0,N,N,1,1,0,0,0,0,0,0,0,0,1,21
47,ผู้ใหญ่,ญ,รับจ้างทั่วไป,ม.ปลาย ,ลูก,0,0,N,N,1,0,1,0,0,0,0,0,0,0,0,1114
66,เด็ก,ช,กำลังศึกษา,ม.ต้น ,ลูก,0,0,N,N,1,1,1,0,0,0,0,0,0,0,1,74
54,ผู้ใหญ่,ช,เกษตร-ทำนา,ประถมฯ ,หัวหน้าครัวเรือน,0,0,Y,N,0,0,0,0,0,0,0,0,0,0,1,119
66,ผู้สูงอายุ,ญ,รับจ้างทั่วไป,ประถมฯ ,หัวหน้าครัวเรือน,0,1,Y,Y,0,1,1,0,0,0,0,0,0,1,1,136
93,ผู้ใหญ่,ช,เกษตร-ประมง,ประถมฯ ,หัวหน้าครัวเรือน,0,0,N,N,1,0,0,1,1,1,0,0,0,0,0,1
93,ผู้ใหญ่,ญ,กำลังศึกษา,ม.ต้น ,หลาน,0,0,N,N,1,1,1,0,0,0,0,0,0,0,1,316
52,ผู้สูงอายุ,ญ,ไม่มีอาชีพ,ประถมฯ ,ภรรยา,0,0,Y,N,1,1,0,0,0,0,0,0,0,0,1,79
66,ผู้สูงอายุ,ญ,ค้าขาย,ประถมฯ ,ภรรยา,1,0,Y,N,0,1,0,0,0,0,0,0,0,0,1,56
84,ผู้ใหญ่,ญ,ธุรกิจส่วนตัว,ม.ต้น ,ภรรยา,0,0,N,N,0,0,0,0,0,0,0,0,0,0,0,62
95,ผู้ใหญ่,ช,กำลังศึกษา,ป.ตรี หรือเทียบเท่า,ลูก,0,0,N,N,0,0,0,0,0,0,0,0,0,0,0,277
47,ผู้ใหญ่,ญ,กำลังศึกษา,ป.ตรี หรือเทียบเท่า,หัวหน้าครัวเรือน,0,1,N,N,0,0,1,0,0,0,0,0,0,0,0,23
11,ผู้สูงอายุ,ญ,รับจ้างทั่วไป,ม.ต้น ,อื่นๆ,0,0,N,N,0,1,0,0,0,0,0,0,0,0,1,15
13,ผู้ใหญ่,ญ,เกษตร-ทำนา,ประถมฯ ,ภรรยา,0,0,N,N,0,1,0,0,0,0,0,0,0,0,1,38
34,ผู้สูงอายุ,ช,เกษตร-ทำนา,ประถมฯ ,หัวหน้าครัวเรือน,0,0,Y,N,1,1,1,0,0,0,0,0,0,0,1,3018
66,ผู้สูงอายุ,ญ,เกษตร-ทำนา,ประถมฯ ,หัวหน้าครัวเรือน,0,1,Y,Y,1,1,1,1,0,1,0,0,0,1,1,4
48,ผู้ใหญ่,ช,เกษตร-ทำนา,ประถมฯ ,ลูก,0,0,N,N,1,1,1,0,0,0,0,0,0,0,0,78
46,เด็ก,ญ,กำลังศึกษา,อนุบาล/ศูนย์เด็กเล็ก,หลาน,0,0,N,N,1,0,1,0,0,0,0,0,0,0,1,375
72,ผู้ใหญ่,ช,เกษตร-ทำนา,ม.ต้น ,ลูก,0,0,N,N,0,1,0,0,0,0,0,0,0,0,1,244
49,ผู้ใหญ่,ญ,กำลังศึกษา,ม.ปลาย ,ลูก,0,0,N,N,1,1,1,0,0,0,0,0,0,0,0,9
44,ผู้ใหญ่,ญ,รับจ้างทั่วไป,ม.ต้น ,ลูก,0,0,N,N,1,0,1,1,0,0,1,0,0,0,0,68
67,ผู้ใหญ่,ช,ค้าขาย,ประถมฯ ,อื่นๆ,0,1,N,N,0,1,1,1,0,0,0,1,0,1,1,1
76,เด็ก,ช,กำลังศึกษา,ประถมฯ ,หลาน,0,0,N,N,1,1,1,0,0,0,0,0,0,0,1,1063
14,เด็ก,ช,กำลังศึกษา,ต่ำกว่าชั้นประถมฯ ,หลาน,0,0,N,N,1,0,1,0,0,0,0,0,0,1,1,23
95,ผู้ใหญ่,ญ,อาชีพอื่นๆ,ป.ตรี หรือเทียบเท่า,อื่นๆ,0,0,N,N,0,0,0,1,0,1,0,0,0,0,1,1
33,ผู้ใหญ่,ช,รับจ้างทั่วไป,ม.ปลาย ,อื่นๆ,0,0,N,N,0,0,0,0,0,0,0,0,0,0,0,81
13,ผู้ใหญ่,ช,รับจ้างทั่วไป,ประถมฯ ,หัวหน้าครัวเรือน,0,0,N,N,0,0,0,0,0,0,0,0,0,0,0,2971
26,ผู้ใหญ่,ช,พนักงาน-รับราชการ,ป.ตรี หรือเทียบเท่า,หัวหน้าครัวเรือน,0,0,N,N,0,0,0,0,0,0,0,0,0,0,0,519
58,ผู้ใหญ่,ญ,กำลังศึกษา,ป.ตรี หรือเทียบเท่า,ลูก,0,1,N,N,1,0,1,1,0,0,0,1,0,0,0,15
64,เด็ก,ช,กำลังศึกษา,ประถมฯ ,หลาน,0,0,N,N,1,1,0,1,0,0,1,0,0,1,1,3
13,ผู้ใหญ่,ญ,พนักงานบริษัท,ป.ตรี หรือเทียบเท่า,ภรรยา,0,0,N,N,0,0,0,0,0,0,0,0,0,0,0,616
60,ผู้ใหญ่,ญ,รับจ้างทั่วไป,ม.ปลาย ,อื่นๆ,0,0,N,N,0,0,0,1,1,1,0,0,0,0,0,3
19,เด็ก,ญ,กำลังศึกษา,ประถมฯ ,ลูก,0,0,N,N,1,0,1,0,0,0,0,0,0,0,0,841
41,ผู้ใหญ่,ญ,ไม่มีอาชีพ,ม.ต้น ,หลาน,0,1,N,N,1,1,1,0,0,0,0,0,0,0,1,6
30,ผู้สูงอายุ,ช,รับจ้างทั่วไป,ประถมฯ ,พ่อ,0,1,Y,Y,0,1,1,0,0,0,0,0,0,1,1,15
49,ผู้ใหญ่,ญ,ค้าขาย,อนุปริญญา หรือเทียบเท่า หรือ ปวส.,ลูก,0,0,N,N,1,0,1,0,0,0,0,0,0,0,1,1
34,ผู้ใหญ่,ญ,รับจ้างทั่วไป,ประถมฯ ,ลูก,0,0,N,N,0,1,0,0,0,0,0,0,0,0,1,280
36,ผู้สูงอายุ,ช,เกษตร-ทำนา,ประถมฯ ,หัวหน้าครัวเรือน,0,0,Y,N,0,1,0,1,0,1,0,0,0,0,1,52
34,เด็ก,ช,กำลังศึกษา,ประถมฯ ,ลูก,0,1,N,N,1,0,1,0,0,0,0,0,0,0,0,41
34,ผู้ใหญ่,ญ,เกษตร-ทำนา,ม.ต้น ,แม่,0,1,N,N,1,0,1,0,0,0,0,0,0,0,0,4
36,ผู้ใหญ่,ญ,รับจ้างทั่วไป,ม.ต้น ,ลูก,0,1,N,N,1,1,1,0,0,0,0,0,0,0,1,438
34,ผู้ใหญ่,ญ,เกษตร-ทำนา,ม.ปลาย ,ลูก,0,1,N,N,1,1,1,0,0,0,0,0,0,1,1,229
34,ผู้ใหญ่,ญ,รับจ้างทั่วไป,ม.ปลาย ,ลูก,0,0,N,N,0,0,1,0,0,0,0,0,0,0,0,1361
43,เด็ก,ช,กำลังศึกษา,ประถมฯ ,ลูก,0,0,N,N,1,1,1,0,0,0,0,0,0,0,1,146
46,ผู้ใหญ่,ญ,เกษตร-ทำนา,ต่ำกว่าชั้นประถมฯ ,ภรรยา,0,1,N,N,1,0,1,0,0,0,0,0,0,0,0,106
46,ผู้สูงอายุ,ช,เกษตร-ทำนา,ประถมฯ ,สามี,0,1,Y,N,0,0,1,0,0,0,0,0,0,0,1,61
46,ผู้ใหญ่,ญ,เกษตร-ทำนา,ม.ปลาย ,ลูก,0,1,N,N,1,1,1,0,0,0,0,0,0,0,1,676
43,ผู้ใหญ่,ญ,รับจ้างทั่วไป,ม.ต้น ,ลูก,0,0,N,N,1,1,1,1,0,1,0,0,0,0,1,6
43,ผู้ใหญ่,ช,เกษตร-ทำนา,ม.ต้น ,ลูกเขย,0,0,N,N,1,1,1,0,0,0,0,0,0,0,1,43
43,เด็ก,ช,กำลังศึกษา,ต่ำกว่าชั้นประถมฯ ,หลาน,0,0,N,N,1,1,0,0,0,0,0,0,0,0,1,253
46,ผู้ใหญ่,ช,รับจ้างทั่วไป,ม.ปลาย ,ลูก,0,0,N,N,0,0,0,0,0,0,0,0,0,0,0,857
30,ผู้สูงอายุ,ช,เกษตร-ทำนา,ประถมฯ ,หัวหน้าครัวเรือน,1,0,Y,N,1,1,1,0,0,0,0,0,0,0,1,189
43,ผู้ใหญ่,ช,รับจ้างทั่วไป,ม.ปลาย ,อื่นๆ,0,0,N,N,1,1,0,0,0,0,0,0,0,0,0,6
30,ผู้ใหญ่,ช,กำลังศึกษา,ม.ต้น ,หลาน,0,0,N,N,0,1,0,0,0,0,0,0,0,0,1,13
46,ผู้ใหญ่,ช,รับจ้างทั่วไป,ม.ต้น ,ลูก,0,0,N,N,0,0,0,0,0,0,0,0,0,0,0,690
31,ผู้สูงอายุ,ช,เกษตร-ทำนา,ประถมฯ ,หัวหน้าครัวเรือน,0,1,Y,N,0,1,1,0,0,0,0,0,0,1,1,1391
30,เด็ก,ญ,ไม่มีอาชีพ,ไม่เคยศึกษา,หลาน,0,0,N,N,1,0,1,0,0,0,0,0,0,0,0,3326
43,ผู้ใหญ่,ญ,รับจ้างทั่วไป,ม.ต้น ,หลาน,0,0,N,N,1,0,1,0,0,0,0,0,0,0,0,28
63,ผู้ใหญ่,ช,เกษตร-ทำไร่,ไม่เคยศึกษา,สามี,0,0,N,N,1,0,1,0,0,0,0,0,0,0,0,67
61,เด็ก,ช,กำลังศึกษา,ประถมฯ ,ลูก,0,0,N,N,1,0,0,0,0,0,0,0,0,0,0,947
57,ผู้ใหญ่,ญ,เกษตร-ทำไร่,ม.ต้น ,ภรรยา,0,1,N,N,1,0,1,1,0,0,1,0,0,0,0,65
65,ผู้ใหญ่,ญ,เกษตร-ทำนา,ประถมฯ ,ภรรยา,1,0,Y,N,1,1,0,1,0,0,1,0,0,0,1,1
40,ผู้ใหญ่,ช,เกษตร-ทำนา,ประถมฯ ,ลูก,0,0,N,N,0,1,0,0,0,0,0,0,0,0,1,714
35,ผู้ใหญ่,ช,รับจ้างทั่วไป,ประถมฯ ,ลูก,0,1,N,N,0,1,1,0,0,0,0,0,0,0,1,249
44,ผู้ใหญ่,ช,รับจ้างทั่วไป,ประถมฯ ,ลูก,0,0,N,N,1,0,1,0,0,0,0,0,0,0,1,179
74,ผู้ใหญ่,ญ,รับจ้างทั่วไป,อนุปริญญา หรือเทียบเท่า หรือ ปวส.,อื่นๆ,0,0,N,N,0,0,0,0,0,0,0,0,0,0,0,248
76,ผู้สูงอายุ,ญ,ธุรกิจส่วนตัว,ม.ต้น ,หัวหน้าครัวเรือน,0,0,N,N,0,1,0,0,0,0,0,0,0,0,0,20
39,ผู้ใหญ่,ญ,ค้าขาย,ป.ตรี หรือเทียบเท่า,หลาน,0,0,N,N,0,0,1,0,0,0,0,0,0,0,0,2
14,ผู้ใหญ่,ญ,รับจ้างทั่วไป,ม.ต้น ,หัวหน้าครัวเรือน,0,0,N,N,1,0,0,0,0,0,0,0,0,0,0,1098
80,ผู้สูงอายุ,ญ,ค้าขาย,ประถมฯ ,อื่นๆ,1,0,Y,N,0,1,0,0,0,0,0,0,0,0,1,5
76,ผู้สูงอายุ,ญ,เกษตร-ทำไร่,ประถมฯ ,หัวหน้าครัวเรือน,0,0,Y,N,0,1,0,0,0,0,0,0,0,0,1,643
80,ผู้ใหญ่,ญ,เกษตร-ทำสวน,ป.ตรี หรือเทียบเท่า,ลูก,0,0,N,N,0,0,0,0,0,0,0,0,0,0,0,246
74,ผู้สูงอายุ,ช,ค้าขาย,ประถมฯ ,หัวหน้าครัวเรือน,0,1,N,N,0,1,1,0,0,0,0,0,0,0,0,15
75,ผู้ใหญ่,ช,รับจ้างทั่วไป,ประถมฯ ,หัวหน้าครัวเรือน,0,0,N,N,0,0,0,0,0,0,0,0,0,0,0,891
20,ผู้สูงอายุ,ญ,ค้าขาย,ประถมฯ ,ภรรยา,0,1,Y,N,1,1,1,0,0,0,0,0,0,0,1,78
90,เด็ก,ญ,กำลังศึกษา,ต่ำกว่าชั้นประถมฯ ,หลาน,0,0,N,N,1,1,1,0,0,0,0,0,0,0,1,1234
12,ผู้ใหญ่,ญ,พนักงาน-รับราชการ,อนุปริญญา หรือเทียบเท่า หรือ ปวส.,ลูก,0,0,N,N,0,0,1,0,0,0,0,0,0,0,1,2
41,ผู้ใหญ่,ญ,พนักงาน-รับราชการ,ป.ตรี หรือเทียบเท่า,ลูก,0,0,N,N,1,1,0,0,0,0,0,0,0,0,1,232
34,ผู้ใหญ่,ช,รับจ้างทั่วไป,ประถมฯ ,อื่นๆ,0,0,N,N,0,0,1,0,0,0,0,0,0,0,0,278
44,ผู้ใหญ่,ช,รับจ้างทั่วไป,ม.ปลาย ,หัวหน้าครัวเรือน,0,0,N,N,1,0,1,0,0,0,0,0,0,0,0,134
46,ผู้ใหญ่,ญ,รับจ้างทั่วไป,ประถมฯ ,หัวหน้าครัวเรือน,0,0,Y,N,0,0,0,0,0,0,0,0,0,0,1,53
31,ผู้สูงอายุ,ญ,เกษตร-ทำไร่,ม.ต้น ,อื่นๆ,0,1,Y,Y,0,1,1,0,0,0,0,0,0,1,1,2
31,ผู้ใหญ่,ญ,กำลังศึกษา,ม.ปลาย ,ลูก,0,0,N,N,0,0,1,0,0,0,0,0,0,0,0,1093
30,ผู้ใหญ่,ช,เกษตร-ปศุสัตว์,ประถมฯ ,หัวหน้าครัวเรือน,0,1,N,N,0,0,1,0,0,0,0,0,0,0,0,39
57,ผู้ใหญ่,ช,เกษตร-ทำนา,ต่ำกว่าชั้นประถมฯ ,หัวหน้าครัวเรือน,0,0,N,N,0,0,0,0,0,0,0,0,0,0,0,252
41,ผู้ใหญ่,ญ,รับจ้างทั่วไป,ม.ปลาย ,หัวหน้าครัวเรือน,0,0,N,N,0,0,0,0,0,0,0,0,0,0,0,1885
40,ผู้ใหญ่,ญ,เกษตร-ทำไร่,ประถมฯ ,ลูก,0,0,N,N,1,1,1,0,0,0,0,0,0,0,1,57
30,ผู้ใหญ่,ญ,รับจ้างทั่วไป,ประถมฯ ,ลูก,0,0,N,N,0,1,1,0,0,0,0,0,0,0,0,103
45,ผู้ใหญ่,ช,เกษตร-ทำนา,ประถมฯ ,หัวหน้าครัวเรือน,0,0,N,N,1,0,1,0,0,0,0,0,0,1,1,14
81,ผู้สูงอายุ,ญ,รับจ้างทั่วไป,ประถมฯ ,หัวหน้าครัวเรือน,0,0,Y,N,1,0,0,1,1,0,0,1,0,0,1,1
94,ผู้ใหญ่,ช,รับจ้างทั่วไป,ประถมฯ ,อื่นๆ,0,0,N,N,1,0,1,0,0,0,0,0,0,0,0,285
35,ผู้ใหญ่,ช,รับจ้างทั่วไป,ม.ต้น ,หัวหน้าครัวเรือน,0,0,N,N,0,0,0,0,0,0,0,0,0,0,0,991
50,ผู้ใหญ่,ญ,ธุรกิจส่วนตัว,ป.ตรี หรือเทียบเท่า,หัวหน้าครัวเรือน,0,1,Y,N,0,0,1,0,0,0,0,0,0,0,1,12
11,ผู้ใหญ่,ช,ค้าขาย,อนุปริญญา หรือเทียบเท่า หรือ ปวส.,ลูก,0,0,N,N,0,1,0,0,0,0,0,0,0,0,1,38
95,ผู้ใหญ่,ช,เกษตร-ทำสวน,ประถมฯ ,หัวหน้าครัวเรือน,0,0,N,N,0,0,0,0,0,0,0,0,0,0,0,1627
57,ผู้ใหญ่,ญ,รับจ้างทั่วไป,ม.ปลาย ,ลูก,0,1,N,N,1,0,1,1,0,0,1,0,0,0,0,98
20,ผู้ใหญ่,ญ,ธุรกิจส่วนตัว,ม.ปลาย ,หัวหน้าครัวเรือน,0,1,N,N,0,0,1,0,0,0,0,0,0,0,0,129
71,ผู้ใหญ่,ช,รับจ้างทั่วไป,ม.ต้น ,ลูก,0,0,N,N,0,1,1,1,0,1,0,1,0,0,1,3
92,ผู้ใหญ่,ช,รับจ้างทั่วไป,ม.ต้น ,ลูก,0,0,N,N,0,0,0,0,0,0,0,0,0,0,0,447
45,ผู้ใหญ่,ช,เกษตร-ทำนา,ประถมฯ ,ลูก,0,0,N,N,1,0,0,0,0,0,0,0,0,0,0,131
90,ผู้สูงอายุ,ช,เกษตร-ทำสวน,ประถมฯ ,หัวหน้าครัวเรือน,0,0,Y,N,0,1,1,0,0,0,0,0,0,0,1,1434
31,ผู้ใหญ่,ช,เกษตร-ทำนา,ประถมฯ ,ลูก,0,1,N,N,1,0,1,0,0,0,0,0,0,0,0,274
63,ผู้ใหญ่,ช,พนักงาน-รับราชการ,ป.ตรี หรือเทียบเท่า,หัวหน้าครัวเรือน,0,0,N,N,0,0,0,0,0,0,0,0,0,0,0,670
90,ผู้ใหญ่,ช,ธุรกิจส่วนตัว,ม.ปลาย ,หัวหน้าครัวเรือน,0,0,N,N,0,0,0,0,0,0,0,0,0,0,0,556
54,ผู้ใหญ่,ญ,กำลังศึกษา,ม.ปลาย ,หลาน,0,0,N,N,1,1,1,0,0,0,0,0,0,0,1,622
67,ผู้ใหญ่,ช,เกษตร-ทำนา,ม.ต้น ,หลาน,0,1,N,N,1,1,1,0,0,0,0,0,0,0,1,37
86,ผู้ใหญ่,ช,รับจ้างทั่วไป,ประถมฯ ,ลูก,0,0,N,N,1,0,1,0,0,0,0,0,0,1,0,15
52,ผู้ใหญ่,ญ,รับจ้างทั่วไป,ประถมฯ ,ภรรยา,0,0,N,N,0,0,0,0,0,0,0,0,0,0,0,655
33,ผู้ใหญ่,ญ,กำลังศึกษา,ม.ปลาย ,หลาน,0,0,N,N,1,0,1,0,0,0,0,0,0,1,1,24
37,ผู้ใหญ่,ช,เกษตร-ทำนา,ประถมฯ ,หัวหน้าครัวเรือน,0,1,Y,N,0,0,1,0,0,0,0,0,0,0,1,485
45,ผู้สูงอายุ,ช,เกษตร-ทำนา,ประถมฯ ,หัวหน้าครัวเรือน,0,0,N,N,1,1,0,0,0,0,0,0,0,0,0,136
44,เด็ก,ช,กำลังศึกษา,ต่ำกว่าชั้นประถมฯ ,หลาน,0,0,N,N,1,0,1,0,0,0,0,0,0,0,1,584
39,เด็ก,ญ,กำลังศึกษา,ต่ำกว่าชั้นประถมฯ ,ลูก,0,0,N,N,1,0,1,0,0,0,0,0,0,0,0,656
11,ผู้ใหญ่,ญ,พนักงานบริษัท,ม.ปลาย ,หลาน,0,0,N,N,1,1,0,0,0,0,0,0,0,0,1,12
16,ผู้สูงอายุ,ช,รับจ้างทั่วไป,ประถมฯ ,หัวหน้าครัวเรือน,0,0,Y,N,1,1,1,0,0,0,0,0,0,0,1,181
49,เด็ก,ญ,กำลังศึกษา,ม.ต้น ,ลูก,0,0,N,N,1,1,1,0,0,0,0,0,0,0,0,4
18,ผู้ใหญ่,ช,รับจ้างทั่วไป,ม.ต้น ,ลูก,0,1,N,N,0,0,1,0,0,0,0,0,0,0,0,261
48,ผู้ใหญ่,ช,เกษตร-ทำนา,ม.ต้น ,หัวหน้าครัวเรือน,0,0,N,N,1,0,0,0,0,0,0,0,0,0,0,537
95,ผู้สูงอายุ,ญ,ไม่มีอาชีพ,ประถมฯ ,แม่,0,1,Y,N,0,1,1,1,0,0,0,1,0,0,1,16
20,ผู้สูงอายุ,ช,รับจ้างทั่วไป,ประถมฯ ,พ่อ,0,0,N,N,0,1,0,0,0,0,0,0,0,0,1,5
31,ผู้ใหญ่,ช,รับจ้างทั่วไป,ประถมฯ ,ลูก,0,1,N,N,1,1,1,0,0,0,0,0,0,0,1,961
18,ผู้ใหญ่,ญ,รับจ้างทั่วไป,ประถมฯ ,ภรรยา,0,0,N,N,1,1,1,0,0,0,0,0,0,0,1,24
36,ผู้ใหญ่,ช,รับจ้างทั่วไป,ประถมฯ ,ลูก,0,1,N,N,0,1,1,0,0,0,0,0,0,0,1,624
30,ผู้ใหญ่,ช,รับจ้างทั่วไป,ประถมฯ ,สามี,1,1,N,N,1,0,1,0,0,0,0,0,0,0,0,9
31,ผู้สูงอายุ,ญ,ไม่มีอาชีพ,ประถมฯ ,หัวหน้าครัวเรือน,1,1,Y,N,1,1,1,0,0,0,0,0,0,1,1,13
43,ผู้สูงอายุ,ญ,อาชีพอื่นๆ,ประถมฯ ,หัวหน้าครัวเรือน,0,1,Y,N,0,1,1,0,0,0,0,0,0,0,1,280
71,ผู้ใหญ่,ญ,รับจ้างทั่วไป,ม.ปลาย ,ลูก,0,0,N,N,0,1,0,0,0,0,0,0,0,0,1,290
45,ผู้สูงอายุ,ญ,เกษตร-ทำนา,ประถมฯ ,หัวหน้าครัวเรือน,0,1,Y,N,0,0,1,0,0,0,0,0,0,0,1,340
57,เด็ก,ช,ไม่มีอาชีพ,ไม่เคยศึกษา,หลาน,0,0,N,N,1,1,1,1,0,0,0,1,0,0,0,2
65,ผู้ใหญ่,ช,รับจ้างทั่วไป,ม.ปลาย ,ลูก,0,0,N,N,0,0,1,0,0,0,0,0,0,0,0,554
22,ผู้สูงอายุ,ญ,เกษตร-ทำสวน,ประถมฯ ,หัวหน้าครัวเรือน,0,0,Y,N,0,1,0,0,0,0,0,0,0,0,1,2108
67,เด็ก,ญ,ไม่มีอาชีพ,ไม่เคยศึกษา,หลาน,0,0,N,N,1,0,1,0,0,0,0,0,0,0,0,1539
72,ผู้สูงอายุ,ช,ไม่มีอาชีพ,ป.ตรี หรือเทียบเท่า,หัวหน้าครัวเรือน,1,0,N,N,0,1,1,1,0,0,0,1,0,0,1,1
62,ผู้ใหญ่,ช,รับจ้างทั่วไป,อนุปริญญา หรือเทียบเท่า หรือ ปวส.,ลูก,0,1,N,N,0,0,1,1,0,1,0,0,0,0,0,2
62,ผู้สูงอายุ,ญ,เกษตร-ทำไร่,ม.ปลาย ,แม่,0,1,Y,Y,0,1,1,0,0,0,0,0,0,1,1,1
93,ผู้ใหญ่,ญ,เกษตร-ทำสวน,ประถมฯ ,ภรรยา,0,1,N,N,1,0,1,0,0,0,0,0,0,0,0,1637
72,ผู้ใหญ่,ช,รับจ้างทั่วไป,ประถมฯ ,ลูก,0,0,N,N,1,0,1,1,0,0,1,0,0,1,1,4
81,ผู้สูงอายุ,ญ,ค้าขาย,ม.ปลาย ,หัวหน้าครัวเรือน,0,1,Y,N,0,1,1,0,0,0,0,0,0,0,1,9
93,ผู้ใหญ่,ช,รับจ้างทั่วไป,ป.ตรี หรือเทียบเท่า,ลูก,0,0,N,N,1,0,0,0,0,0,0,0,0,0,0,54
60,เด็ก,ช,กำลังศึกษา,ม.ต้น ,ลูก,0,0,N,N,1,0,1,0,0,0,0,0,0,0,0,1102
96,ผู้สูงอายุ,ช,รับจ้างทั่วไป,ไม่เคยศึกษา,หัวหน้าครัวเรือน,0,0,N,N,0,1,1,0,0,0,0,0,0,0,0,6
52,ผู้ใหญ่,ญ,เกษตร-ทำนา,ประถมฯ ,ภรรยา,1,1,Y,N,1,0,1,0,0,0,0,0,0,0,1,12
84,ผู้สูงอายุ,ช,ไม่มีอาชีพ,ประถมฯ ,หัวหน้าครัวเรือน,0,1,Y,Y,0,1,1,0,0,0,0,0,0,1,1,58
50,ผู้ใหญ่,ช,กำลังศึกษา,ม.ต้น ,ลูก,0,0,N,N,0,0,1,0,0,0,0,0,0,0,1,2
81,ผู้ใหญ่,ช,เกษตร-ทำสวน,ต่ำกว่าชั้นประถมฯ ,พ่อ,0,0,N,N,0,0,0,0,0,0,0,0,0,0,0,2
60,เด็ก,ช,กำลังศึกษา,ม.ต้น ,หลาน,0,0,N,N,1,1,1,1,0,0,0,1,0,0,1,51
65,ผู้สูงอายุ,ช,เกษตร-ทำนา,ประถมฯ ,พ่อ,0,1,Y,N,1,1,1,1,0,1,0,0,0,0,1,5
63,ผู้สูงอายุ,ช,อาชีพอื่นๆ,ต่ำกว่าชั้นประถมฯ ,หัวหน้าครัวเรือน,0,1,Y,N,0,1,1,0,0,0,0,0,0,0,1,18
86,ผู้ใหญ่,ช,เกษตร-ประมง,ประถมฯ ,ลูก,0,1,N,N,0,1,1,0,0,0,0,0,0,0,1,5
55,ผู้ใหญ่,ช,เกษตร-ทำไร่,ม.ต้น ,หัวหน้าครัวเรือน,0,1,N,N,0,0,1,0,0,0,0,0,0,0,0,322
81,ผู้ใหญ่,ช,รับจ้างทั่วไป,ประถมฯ ,ลูก,0,1,N,N,1,0,1,1,0,0,0,1,0,0,1,2
72,ผู้สูงอายุ,ญ,เกษตร-ทำนา,ประถมฯ ,หัวหน้าครัวเรือน,0,1,Y,N,0,1,1,0,0,0,0,0,0,0,1,729
24,ผู้สูงอายุ,ญ,ไม่มีอาชีพ,ประถมฯ ,หัวหน้าครัวเรือน,0,0,Y,N,1,1,0,1,1,0,1,0,0,0,1,1
73,เด็ก,ญ,กำลังศึกษา,อนุบาล/ศูนย์เด็กเล็ก,หลาน,0,0,N,N,1,0,1,0,0,0,0,0,0,0,0,334
16,ผู้ใหญ่,ญ,พนักงานบริษัท,อนุปริญญา หรือเทียบเท่า หรือ ปวส.,หัวหน้าครัวเรือน,0,0,N,N,1,0,0,0,0,0,0,0,0,0,0,80
72,เด็ก,ญ,กำลังศึกษา,อนุบาล/ศูนย์เด็กเล็ก,ลูก,0,0,N,N,1,0,0,0,0,0,0,0,0,0,0,667
26,ผู้ใหญ่,ญ,ค้าขาย,ม.ต้น ,หัวหน้าครัวเรือน,0,0,N,N,1,0,0,0,0,0,0,0,0,0,0,60
32,ผู้ใหญ่,ช,เกษตร-ทำนา,ม.ปลาย ,ลูก,0,0,N,N,1,1,1,0,0,0,0,0,0,0,1,377
76,เด็ก,ช,กำลังศึกษา,อนุบาล/ศูนย์เด็กเล็ก,หลาน,0,0,N,N,1,0,1,0,0,0,0,0,0,0,0,299
13,ผู้ใหญ่,ช,พนักงานบริษัท,ป.ตรี หรือเทียบเท่า,หัวหน้าครัวเรือน,0,0,N,N,1,0,0,0,0,0,0,0,0,0,0,1031
20,ผู้ใหญ่,ญ,ค้าขาย,ต่ำกว่าชั้นประถมฯ ,ลูกสะใภ้,0,0,N,N,1,1,0,0,0,0,0,0,0,0,1,1
30,เด็ก,ช,กำลังศึกษา,อนุบาล/ศูนย์เด็กเล็ก,หลาน,0,0,N,N,1,1,1,1,0,0,1,0,0,0,1,2337
44,ผู้ใหญ่,ช,กำลังศึกษา,ม.ต้น ,หลาน,0,0,N,Y,1,1,1,0,0,0,0,0,0,1,1,26
31,เด็ก,ช,กำลังศึกษา,ม.ต้น ,ลูก,0,0,N,N,1,1,1,0,0,0,0,0,0,0,1,168
70,ผู้ใหญ่,ช,ค้าขาย,ม.ต้น ,ลูก,0,0,N,N,1,1,1,0,0,0,0,0,0,0,1,76
30,ผู้ใหญ่,ช,อาชีพอื่นๆ,ม.ต้น ,หลาน,0,0,N,N,0,0,1,1,0,0,1,1,0,0,0,1
90,เด็ก,ญ,กำลังศึกษา,ประถมฯ ,ลูก,0,0,N,N,1,1,0,0,0,0,0,0,0,0,1,186
41,ผู้ใหญ่,ช,พนักงาน-รับราชการ,ป.ตรี หรือเทียบเท่า,หัวหน้าครัวเรือน,0,0,N,N,1,0,0,0,0,0,0,0,0,0,0,686
84,ผู้ใหญ่,ญ,รับจ้างทั่วไป,ประถมฯ ,ภรรยา,0,1,N,N,1,0,1,0,0,0,0,0,0,0,0,442
32,ผู้ใหญ่,ญ,เกษตร-ทำนา,ม.ปลาย ,ลูก,0,1,N,N,1,1,1,0,0,0,0,0,0,0,1,749
95,ผู้สูงอายุ,ช,ไม่มีอาชีพ,ต่ำกว่าชั้นประถมฯ ,หัวหน้าครัวเรือน,0,0,Y,N,1,1,0,1,0,0,0,1,0,0,1,3
13,ผู้สูงอายุ,ช,อาชีพอื่นๆ,ม.ต้น ,หัวหน้าครัวเรือน,0,0,N,Y,0,1,0,0,0,0,0,0,0,1,0,3
80,ผู้ใหญ่,ช,เกษตร-ทำสวน,ป.ตรี หรือเทียบเท่า,ลูก,0,0,N,N,0,1,0,0,0,0,0,0,0,0,1,369
36,เด็ก,ช,กำลังศึกษา,ต่ำกว่าชั้นประถมฯ ,หลาน,0,0,N,N,1,0,1,0,0,0,0,0,0,0,0,1327
46,ผู้ใหญ่,ญ,รับจ้างทั่วไป,ม.ต้น ,หัวหน้าครัวเรือน,0,1,N,N,0,0,1,0,0,0,0,0,0,0,0,333
42,ผู้ใหญ่,ญ,เกษตร-ทำไร่,ม.ปลาย ,ลูก,0,1,N,N,1,0,1,0,0,0,0,0,0,0,0,250
46,ผู้ใหญ่,ช,เกษตร-ทำนา,ม.ต้น ,ลูก,0,0,N,N,0,0,0,0,0,0,0,0,0,0,0,317
31,ผู้ใหญ่,ช,เกษตร-ทำนา,ม.ต้น ,หลาน,0,1,N,N,0,1,1,0,0,0,0,0,0,1,1,42
81,ผู้สูงอายุ,ช,รับจ้างทั่วไป,ประถมฯ ,หัวหน้าครัวเรือน,0,0,Y,N,0,1,1,0,0,0,0,0,0,1,1,12
30,ผู้สูงอายุ,ญ,กำลังศึกษา,ต่ำกว่าชั้นประถมฯ ,แม่,0,1,Y,N,1,1,1,0,0,0,0,0,0,0,1,3
30,ผู้ใหญ่,ญ,เกษตร-ทำนา,ม.ต้น ,ภรรยา,0,0,N,N,1,0,0,0,0,0,0,0,0,0,0,471
35,ผู้ใหญ่,ช,รับจ้างทั่วไป,ม.ต้น ,ลูก,0,0,N,N,0,0,1,0,0,0,0,0,0,0,0,827
49,ผู้ใหญ่,ช,รับจ้างทั่วไป,ประถมฯ ,อื่นๆ,0,1,N,N,1,0,1,0,0,0,0,0,0,0,0,18
51,ผู้ใหญ่,ญ,พนักงานบริษัท,ม.ปลาย ,ลูก,0,0,N,N,0,0,1,0,0,0,0,0,0,1,1,7
82,ผู้ใหญ่,ญ,อาชีพอื่นๆ,ประถมฯ ,ภรรยา,0,0,N,N,0,0,0,1,0,1,0,0,0,0,0,4
50,ผู้ใหญ่,ญ,เกษตร-ทำสวน,ประถมฯ ,ภรรยา,0,1,N,N,1,0,1,0,0,0,0,0,0,0,1,97
66,ผู้ใหญ่,ญ,ค้าขาย,ม.ต้น ,อื่นๆ,0,0,N,N,0,1,0,0,0,0,0,0,0,0,1,8
63,ผู้ใหญ่,ญ,ค้าขาย,ประถมฯ ,หัวหน้าครัวเรือน,0,1,N,N,0,0,1,0,0,0,0,0,0,0,1,3
60,เด็ก,ช,ไม่มีอาชีพ,ไม่เคยศึกษา,หลาน,0,0,N,N,1,1,1,0,0,0,0,0,0,0,1,892
50,ผู้สูงอายุ,ญ,รับจ้างทั่วไป,ประถมฯ ,หัวหน้าครัวเรือน,0,0,N,N,1,1,0,0,0,0,0,0,0,0,0,64
50,ผู้ใหญ่,ญ,กำลังศึกษา,ป.ตรี หรือเทียบเท่า,อื่นๆ,0,0,N,N,1,0,1,0,0,0,0,0,0,0,1,5
90,ผู้ใหญ่,ญ,รับจ้างทั่วไป,ม.ปลาย ,หลาน,0,0,N,N,0,1,1,0,0,0,0,0,0,1,1,17
95,เด็ก,ญ,ไม่มีอาชีพ,ไม่เคยศึกษา,หลาน,0,0,N,N,1,0,1,0,0,0,0,0,0,0,1,55
53,ผู้ใหญ่,ญ,เกษตร-ทำไร่,ประถมฯ ,ภรรยา,0,0,N,N,1,0,1,0,0,0,0,0,0,0,0,98
50,เด็ก,ช,กำลังศึกษา,ม.ต้น ,หลาน,0,0,N,N,1,1,0,0,0,0,0,0,0,0,1,276
43,ผู้ใหญ่,ช,รับจ้างทั่วไป,ม.ต้น ,สามี,0,1,N,N,1,0,1,0,0,0,0,0,0,0,0,43
60,ผู้ใหญ่,ช,ค้าขาย,ป.ตรี หรือเทียบเท่า,หัวหน้าครัวเรือน,0,0,N,N,1,0,0,0,0,0,0,0,0,0,0,92
33,ผู้ใหญ่,ช,เกษตร-ทำนา,ประถมฯ ,ลูก,0,1,N,Y,1,1,1,0,0,0,0,0,0,1,1,382
40,ผู้ใหญ่,ญ,เกษตร-ทำนา,ประถมฯ ,แม่,0,1,N,N,0,1,1,0,0,0,0,0,0,0,1,9
40,ผู้สูงอายุ,ญ,ไม่มีอาชีพ,ประถมฯ ,แม่,0,1,Y,Y,0,1,1,0,0,0,0,0,0,1,1,116
90,ผู้ใหญ่,ช,รับจ้างทั่วไป,ประถมฯ ,ลูก,0,0,N,N,1,0,1,0,0,0,0,0,0,0,0,710
32,ผู้ใหญ่,ญ,รับจ้างทั่วไป,ป.ตรี หรือเทียบเท่า,ลูก,0,0,N,N,0,0,0,0,0,0,0,0,0,0,0,461
33,ผู้ใหญ่,ช,เกษตร-ทำไร่,ประถมฯ ,หัวหน้าครัวเรือน,0,0,N,N,0,0,0,0,0,0,0,0,0,1,0,6
51,ผู้ใหญ่,ญ,รับจ้างทั่วไป,ป.ตรี หรือเทียบเท่า,หัวหน้าครัวเรือน,0,0,N,N,1,1,0,0,0,0,0,0,0,0,1,11
60,ผู้ใหญ่,ญ,เกษตร-ทำไร่,ประถมฯ ,ลูก,0,1,N,N,1,1,1,0,0,0,0,0,0,0,1,137
60,ผู้ใหญ่,ช,กำลังศึกษา,ม.ปลาย ,ลูก,0,0,N,N,1,1,1,0,0,0,0,0,0,0,1,195
67,ผู้ใหญ่,ญ,เกษตร-ทำไร่,ประถมฯ ,อื่นๆ,0,1,N,N,0,0,1,0,0,0,0,0,0,0,0,48
51,ผู้ใหญ่,ญ,กำลังศึกษา,ป.ตรี หรือเทียบเท่า,ลูก,0,0,N,N,0,1,1,0,0,0,0,0,0,0,1,129
66,ผู้ใหญ่,ญ,เกษตร-ทำนา,ประถมฯ ,ภรรยา,0,1,N,N,1,0,1,0,0,0,0,0,0,0,0,1030
96,ผู้ใหญ่,ญ,ค้าขาย,ม.ต้น ,ลูก,0,0,N,N,0,0,1,0,0,0,0,0,0,0,1,6
56,ผู้ใหญ่,ช,กำลังศึกษา,ป.ตรี หรือเทียบเท่า,ลูก,0,0,N,N,1,0,0,0,0,0,0,0,0,0,0,100
17,เด็ก,ญ,กำลังศึกษา,ประถมฯ ,ลูก,0,0,N,N,1,1,1,1,0,0,0,1,0,1,1,3
54,ผู้ใหญ่,ช,รับจ้างทั่วไป,ม.ปลาย ,หัวหน้าครัวเรือน,0,0,N,N,0,1,1,0,0,0,0,0,0,0,1,30
67,ผู้ใหญ่,ญ,ค้าขาย,ม.ปลาย ,หัวหน้าครัวเรือน,0,1,N,N,0,0,1,0,0,0,0,0,0,0,0,184
48,ผู้ใหญ่,ช,เกษตร-ทำนา,ม.ต้น ,หัวหน้าครัวเรือน,0,0,N,N,1,0,1,0,0,0,0,0,0,0,0,508
39,ผู้ใหญ่,ญ,เกษตร-ทำนา,ประถมฯ ,ลูกสะใภ้,0,0,N,N,1,0,1,0,0,0,0,0,0,0,0,5
17,ผู้สูงอายุ,ช,เกษตร-ทำนา,ประถมฯ ,หัวหน้าครัวเรือน,0,0,Y,N,1,1,1,0,0,0,0,0,0,0,1,114
46,ผู้สูงอายุ,ช,รับจ้างทั่วไป,ประถมฯ ,หัวหน้าครัวเรือน,0,1,Y,N,0,1,1,0,0,0,0,0,0,0,1,632
53,ผู้ใหญ่,ญ,รับจ้างทั่วไป,ม.ต้น ,ลูก,0,0,N,N,0,1,1,0,0,0,0,0,0,0,1,198
57,ผู้ใหญ่,ช,เกษตร-ทำนา,ม.ปลาย ,หัวหน้าครัวเรือน,0,0,N,N,0,0,0,0,0,0,0,0,0,0,0,424
64,ผู้สูงอายุ,ช,รับจ้างทั่วไป,ประถมฯ ,หัวหน้าครัวเรือน,0,0,Y,N,0,1,1,0,0,0,0,0,0,0,1,307
93,ผู้สูงอายุ,ญ,เกษตร-ทำนา,ประถมฯ ,ภรรยา,0,1,Y,N,0,1,1,0,0,0,0,0,0,0,1,510
56,เด็ก,ญ,กำลังศึกษา,ต่ำกว่าชั้นประถมฯ ,หลาน,0,0,N,N,1,1,1,0,0,0,0,0,0,0,1,786
94,ผู้ใหญ่,ญ,รับจ้างทั่วไป,ประถมฯ ,ลูก,0,1,N,N,1,0,1,0,0,0,0,0,0,0,0,717
56,ผู้ใหญ่,ญ,เกษตร-ทำนา,ประถมฯ ,ภรรยา,0,1,N,N,0,1,1,0,0,0,0,0,0,0,1,661
80,ผู้ใหญ่,ญ,กำลังศึกษา,ม.ปลาย ,ลูก,0,0,N,N,0,0,1,0,0,0,0,0,0,0,1,76
57,ผู้ใหญ่,ญ,เกษตร-ทำนา,ประถมฯ ,ลูก,0,0,N,N,0,1,0,1,1,0,0,0,0,0,0,1
56,ผู้สูงอายุ,ช,ไม่มีอาชีพ,ประถมฯ ,หัวหน้าครัวเรือน,0,0,Y,N,0,1,0,0,0,0,0,0,0,0,1,224
20,ผู้ใหญ่,ช,กำลังศึกษา,ป.ตรี หรือเทียบเท่า,ลูก,0,0,N,N,0,0,0,0,0,0,0,0,0,0,0,982
48,ผู้ใหญ่,ญ,เกษตร-ทำนา,อนุปริญญา หรือเทียบเท่า หรือ ปวส.,ลูก,0,1,N,N,0,0,1,0,0,0,0,0,0,0,0,21
51,ผู้สูงอายุ,ช,ค้าขาย,ม.ปลาย ,หัวหน้าครัวเรือน,0,0,N,N,0,1,0,0,0,0,0,0,0,0,0,16
86,ผู้ใหญ่,ญ,เกษตร-ทำสวน,สูงกว่าปริญญาตรี,ลูก,0,0,N,N,0,1,0,0,0,0,0,0,0,0,0,1
50,เด็ก,ญ,กำลังศึกษา,ต่ำกว่าชั้นประถมฯ ,ลูก,0,0,N,N,1,0,1,0,0,0,0,0,0,0,0,1504
75,ผู้ใหญ่,ช,รับจ้างทั่วไป,ป.ตรี หรือเทียบเท่า,ลูก,0,0,N,N,1,1,1,1,0,0,1,0,0,0,1,4
37,ผู้สูงอายุ,ญ,เกษตร-ทำไร่,ประถมฯ ,หัวหน้าครัวเรือน,0,0,Y,N,0,1,0,0,0,0,0,0,0,0,1,23
90,ผู้ใหญ่,ช,พนักงาน-รับราชการ,ป.ตรี หรือเทียบเท่า,หัวหน้าครัวเรือน,0,0,N,N,0,0,0,0,0,0,0,0,0,0,0,2338
41,ผู้ใหญ่,ช,เกษตร-ทำนา,ม.ต้น ,หัวหน้าครัวเรือน,0,1,N,N,0,0,1,0,0,0,0,0,0,0,0,987
80,ผู้ใหญ่,ญ,เกษตร-ทำนา,ม.ปลาย ,หัวหน้าครัวเรือน,0,0,N,N,1,0,1,0,0,0,0,0,0,0,0,10
84,ผู้ใหญ่,ญ,เกษตร-ทำสวน,ประถมฯ ,หัวหน้าครัวเรือน,0,0,N,N,0,1,0,0,0,0,0,0,0,0,1,215
40,ผู้ใหญ่,ญ,ค้าขาย,ม.ต้น ,หัวหน้าครัวเรือน,0,0,N,N,0,0,0,0,0,0,0,0,0,0,0,677
40,ผู้ใหญ่,ญ,เกษตร-ทำนา,ประถมฯ ,หัวหน้าครัวเรือน,1,0,N,N,1,0,0,0,0,0,0,0,0,0,0,23
52,ผู้ใหญ่,ญ,กำลังศึกษา,ป.ตรี หรือเทียบเท่า,อื่นๆ,0,1,N,N,1,1,1,0,0,0,0,0,0,0,1,1
67,ผู้สูงอายุ,ญ,เกษตร-ทำไร่,ต่ำกว่าชั้นประถมฯ ,หัวหน้าครัวเรือน,0,1,Y,N,0,1,1,0,0,0,0,0,0,0,1,51
95,ผู้ใหญ่,ญ,ค้าขาย,ม.ปลาย ,ภรรยา,0,0,N,N,0,0,0,0,0,0,0,0,0,0,0,90
50,ผู้ใหญ่,ญ,รับจ้างทั่วไป,ประถมฯ ,ภรรยา,0,1,N,N,1,1,1,0,0,0,0,0,0,0,1,399
52,ผู้สูงอายุ,ช,เกษตร-ทำไร่,ไม่เคยศึกษา,หัวหน้าครัวเรือน,0,1,Y,N,1,1,1,0,0,0,0,0,0,0,1,52
66,ผู้ใหญ่,ช,อาชีพอื่นๆ,อนุปริญญา หรือเทียบเท่า หรือ ปวส.,ลูกเขย,0,0,N,N,1,1,1,0,0,0,0,0,0,0,1,1
66,ผู้สูงอายุ,ช,ไม่มีอาชีพ,ไม่เคยศึกษา,หัวหน้าครัวเรือน,0,1,Y,N,0,1,1,0,0,0,0,0,0,0,1,53
54,ผู้ใหญ่,ช,เกษตร-ทำนา,ประถมฯ ,หัวหน้าครัวเรือน,0,1,Y,N,1,1,1,0,0,0,0,0,0,1,1,5
61,ผู้สูงอายุ,ญ,รับจ้างทั่วไป,ประถมฯ ,หัวหน้าครัวเรือน,0,1,Y,N,0,1,1,0,0,0,0,0,0,0,1,859
21,ผู้ใหญ่,ญ,พนักงานบริษัท,ป.ตรี หรือเทียบเท่า,ภรรยา,0,0,N,N,0,0,0,0,0,0,0,0,0,0,0,348
46,ผู้สูงอายุ,ญ,อาชีพอื่นๆ,ม.ปลาย ,หัวหน้าครัวเรือน,0,0,Y,N,0,1,0,0,0,0,0,0,0,0,1,20
80,ผู้สูงอายุ,ญ,เกษตร-ทำสวน,ต่ำกว่าชั้นประถมฯ ,หัวหน้าครัวเรือน,0,0,Y,N,0,1,0,0,0,0,0,0,0,0,1,235
64,ผู้สูงอายุ,ช,ไม่มีอาชีพ,ต่ำกว่าชั้นประถมฯ ,หัวหน้าครัวเรือน,0,0,Y,N,0,1,1,0,0,0,0,0,0,0,1,14
64,ผู้ใหญ่,ญ,รับจ้างทั่วไป,ม.ปลาย ,ลูก,0,1,N,N,0,1,1,0,0,0,0,0,0,0,1,120
56,ผู้ใหญ่,ญ,ค้าขาย,ม.ต้น ,หัวหน้าครัวเรือน,0,0,N,N,0,1,0,0,0,0,0,0,0,0,1,4
94,ผู้สูงอายุ,ช,รับจ้างทั่วไป,ประถมฯ ,หัวหน้าครัวเรือน,0,1,Y,N,0,1,1,0,0,0,0,0,0,0,1,518
40,ผู้ใหญ่,ช,เกษตร-ทำนา,ประถมฯ ,อื่นๆ,0,0,Y,N,0,0,1,0,0,0,0,0,0,0,1,9
81,ผู้ใหญ่,ญ,รับจ้างทั่วไป,ป.ตรี หรือเทียบเท่า,อื่นๆ,0,0,N,N,1,0,0,0,0,0,0,0,0,0,0,58
81,ผู้ใหญ่,ญ,รับจ้างทั่วไป,ประถมฯ ,ลูก,0,0,N,N,0,0,0,0,0,0,0,0,0,0,0,89
50,ผู้สูงอายุ,ญ,ไม่มีอาชีพ,ไม่เคยศึกษา,ภรรยา,0,1,Y,Y,0,1,1,0,0,0,0,0,0,1,1,84
80,ผู้ใหญ่,ญ,ไม่มีอาชีพ,ป.ตรี หรือเทียบเท่า,ลูก,0,0,N,N,0,0,0,0,0,0,0,0,0,0,0,60
46,ผู้ใหญ่,ญ,เกษตร-ทำนา,ประถมฯ ,หัวหน้าครัวเรือน,0,0,N,N,1,0,1,0,0,0,0,0,0,0,0,1191
30,ผู้ใหญ่,ช,รับจ้างทั่วไป,ม.ต้น ,ลูก,0,0,N,N,1,1,0,0,0,0,0,0,0,1,1,74
31,ผู้ใหญ่,ญ,รับจ้างทั่วไป,ม.ต้น ,ลูก,0,1,N,N,1,0,1,0,0,0,0,0,0,0,0,1236
51,ผู้ใหญ่,ช,กำลังศึกษา,ม.ปลาย ,หลาน,0,0,N,N,1,0,1,0,0,0,0,0,0,1,1,3
92,ผู้ใหญ่,ญ,กำลังศึกษา,ม.ต้น ,หลาน,0,0,N,N,1,1,1,0,0,0,0,0,0,0,1,329
53,ผู้ใหญ่,ช,รับจ้างทั่วไป,ม.ต้น ,ลูก,0,0,N,N,0,1,0,0,0,0,0,0,0,0,1,133
56,ผู้ใหญ่,ญ,เกษตร-ทำนา,ม.ต้น ,ภรรยา,0,1,N,N,0,1,1,0,0,0,0,0,0,1,1,12
94,ผู้ใหญ่,ช,เกษตร-ทำนา,ไม่เคยศึกษา,หัวหน้าครัวเรือน,0,1,N,N,1,0,1,0,0,0,0,0,0,0,0,27
84,ผู้ใหญ่,ญ,เกษตร-ทำสวน,ม.ปลาย ,หัวหน้าครัวเรือน,0,0,N,N,1,0,0,1,0,1,0,0,0,0,0,76
53,ผู้สูงอายุ,ญ,เกษตร-ทำไร่,ประถมฯ ,ภรรยา,0,0,Y,N,0,1,1,0,0,0,0,0,0,0,1,64
53,ผู้สูงอายุ,ช,เกษตร-ทำไร่,ประถมฯ ,หัวหน้าครัวเรือน,0,0,Y,Y,0,1,1,0,0,0,0,0,0,1,1,15
53,ผู้สูงอายุ,ช,ค้าขาย,ป.ตรี หรือเทียบเท่า,หัวหน้าครัวเรือน,0,0,N,N,1,1,1,0,0,0,0,0,0,0,0,1
30,ผู้ใหญ่,ญ,ค้าขาย,อนุปริญญา หรือเทียบเท่า หรือ ปวส.,ภรรยา,0,0,N,N,0,0,1,0,0,0,0,0,0,0,0,8
84,ผู้ใหญ่,ช,เกษตร-ทำสวน,ม.ต้น ,หลาน,0,0,N,N,1,1,1,0,0,0,0,0,0,0,1,72
46,ผู้ใหญ่,ญ,เกษตร-ทำนา,ประถมฯ ,ภรรยา,0,0,Y,N,0,1,0,0,0,0,0,0,0,0,1,77
80,ผู้ใหญ่,ช,เกษตร-ทำสวน,ประถมฯ ,หัวหน้าครัวเรือน,0,0,Y,N,0,0,1,0,0,0,0,0,0,0,1,123
35,ผู้ใหญ่,ญ,รับจ้างทั่วไป,ม.ต้น ,ภรรยา,0,0,N,N,0,0,0,0,0,0,0,0,0,0,0,106
50,ผู้ใหญ่,ช,เกษตร-ทำสวน,ป.ตรี หรือเทียบเท่า,ลูก,0,0,N,N,1,0,0,0,0,0,0,0,0,0,1,4
62,ผู้สูงอายุ,ญ,อาชีพอื่นๆ,ประถมฯ ,ภรรยา,0,1,Y,Y,1,1,1,0,0,0,0,0,0,1,1,17
54,ผู้ใหญ่,ญ,ค้าขาย,ม.ต้น ,หัวหน้าครัวเรือน,1,0,N,N,0,0,0,0,0,0,0,0,0,0,0,6
50,ผู้ใหญ่,ญ,รับจ้างทั่วไป,ม.ต้น ,ลูก,0,1,N,N,0,1,1,0,0,0,0,0,0,0,1,428
30,ผู้ใหญ่,ญ,เกษตร-ทำนา,ม.ปลาย ,ลูก,0,0,N,N,0,0,0,0,0,0,0,0,0,0,1,20
14,ผู้สูงอายุ,ช,เกษตร-ทำนา,ประถมฯ ,หัวหน้าครัวเรือน,0,0,Y,N,0,1,0,1,1,0,0,0,0,0,1,5
31,ผู้ใหญ่,ช,รับจ้างทั่วไป,ม.ปลาย ,หลาน,0,0,N,N,1,1,1,0,0,0,0,0,0,1,1,183
39,เด็ก,ช,ไม่มีอาชีพ,ไม่เคยศึกษา,หลาน,0,0,N,N,1,0,1,0,0,0,0,0,0,0,0,771
62,ผู้ใหญ่,ญ,เกษตร-ทำนา,ประถมฯ ,ภรรยา,1,0,N,N,0,0,1,1,1,1,0,0,0,0,0,1
96,ผู้ใหญ่,ช,รับจ้างทั่วไป,ม.ต้น ,ลูก,0,1,N,N,0,0,1,0,0,0,0,0,0,0,0,600
86,ผู้ใหญ่,ช,พนักงาน-รับราชการ,ม.ปลาย ,ลูกเขย,0,0,N,N,0,1,0,0,0,0,0,0,0,0,1,3
92,เด็ก,ญ,กำลังศึกษา,ประถมฯ ,ลูก,0,0,N,N,1,0,1,1,0,1,0,0,0,0,0,125
90,ผู้สูงอายุ,ญ,ค้าขาย,ม.ปลาย ,แม่,0,0,N,N,0,0,0,0,0,0,0,0,0,0,0,1
60,เด็ก,ช,กำลังศึกษา,ประถมฯ ,หลาน,0,0,N,N,1,0,0,0,0,0,0,0,0,0,1,157
66,ผู้ใหญ่,ญ,ไม่มีอาชีพ,ประถมฯ ,ลูก,0,1,N,Y,0,1,1,0,0,0,0,0,0,1,1,22
67,ผู้ใหญ่,ช,เกษตร-ทำนา,ม.ปลาย ,ลูกเขย,0,0,N,N,1,0,1,0,0,0,0,0,0,0,0,11
40,ผู้ใหญ่,ช,พนักงานบริษัท,ม.ต้น ,ลูก,0,1,N,N,0,0,1,0,0,0,0,0,0,0,0,37
67,ผู้สูงอายุ,ช,เกษตร-ทำนา,ประถมฯ ,สามี,0,0,Y,Y,1,1,1,0,0,0,0,0,0,1,1,7
40,ผู้ใหญ่,ช,เกษตร-ทำนา,ประถมฯ ,หัวหน้าครัวเรือน,0,0,N,N,0,0,1,0,0,0,0,0,0,0,0,2868
40,ผู้ใหญ่,ญ,ธุรกิจส่วนตัว,ม.ปลาย ,หัวหน้าครัวเรือน,0,0,N,N,0,0,0,0,0,0,0,0,0,0,0,293
93,ผู้สูงอายุ,ช,ไม่มีอาชีพ,ไม่เคยศึกษา,หัวหน้าครัวเรือน,0,1,Y,N,0,1,1,1,0,0,0,1,0,0,1,12
96,เด็ก,ญ,กำลังศึกษา,อนุบาล/ศูนย์เด็กเล็ก,หลาน,0,0,N,N,1,0,1,1,0,0,1,0,0,0,1,20
62,ผู้สูงอายุ,ช,เกษตร-ทำไร่,ประถมฯ ,หัวหน้าครัวเรือน,1,0,Y,N,0,1,0,0,0,0,0,0,0,0,1,71
86,เด็ก,ช,กำลังศึกษา,ประถมฯ ,ลูก,0,0,N,N,1,0,1,0,0,0,0,0,0,0,0,560
84,ผู้สูงอายุ,ญ,เกษตร-ทำสวน,ประถมฯ ,หัวหน้าครัวเรือน,0,0,Y,N,0,1,0,0,0,0,0,0,0,0,1,4391
21,ผู้ใหญ่,ญ,ธุรกิจส่วนตัว,ประถมฯ ,ลูก,0,0,N,N,0,1,0,0,0,0,0,0,0,0,1,11
19,ผู้ใหญ่,ช,กำลังศึกษา,ม.ปลาย ,หลาน,0,0,N,N,1,1,0,0,0,0,0,0,0,0,0,30
48,ผู้ใหญ่,ญ,รับจ้างทั่วไป,ม.ต้น ,อื่นๆ,0,0,N,N,1,1,1,0,0,0,0,0,0,1,1,13
38,ผู้ใหญ่,ช,รับจ้างทั่วไป,ม.ต้น ,ลูก,0,1,N,N,0,1,1,0,0,0,0,0,0,0,1,99
40,ผู้ใหญ่,ญ,เกษตร-ทำนา,ม.ต้น ,ลูก,0,0,N,N,0,1,1,0,0,0,0,0,0,0,1,593
57,ผู้ใหญ่,ช,ค้าขาย,ป.ตรี หรือเทียบเท่า,หัวหน้าครัวเรือน,0,0,N,N,1,0,0,0,0,0,0,0,0,0,0,154
41,ผู้ใหญ่,ญ,เกษตร-ทำไร่,ประถมฯ ,หัวหน้าครัวเรือน,0,0,N,N,1,0,0,0,0,0,0,0,0,0,0,164
48,ผู้ใหญ่,ญ,เกษตร-ทำนา,ม.ต้น ,ลูก,0,1,N,N,0,1,1,0,0,0,0,0,0,0,1,260
56,ผู้สูงอายุ,ญ,เกษตร-ทำนา,ประถมฯ ,ภรรยา,0,0,Y,N,0,1,0,0,0,0,0,0,0,0,1,561
32,ผู้ใหญ่,ช,กำลังศึกษา,ป.ตรี หรือเทียบเท่า,ลูก,0,1,N,N,0,0,1,0,0,0,0,0,0,0,0,477
53,ผู้สูงอายุ,ช,เกษตร-ทำนา,ประถมฯ ,หัวหน้าครัวเรือน,0,0,Y,N,0,1,1,0,0,0,0,0,0,0,1,829
37,ผู้ใหญ่,ญ,รับจ้างทั่วไป,ประถมฯ ,หัวหน้าครัวเรือน,0,0,N,N,0,0,1,0,0,0,0,0,0,0,0,46
35,ผู้ใหญ่,ญ,เกษตร-ทำนา,ม.ต้น ,หัวหน้าครัวเรือน,0,1,N,N,0,0,1,0,0,0,0,0,0,1,0,8
57,ผู้สูงอายุ,ญ,เกษตร-ทำนา,ไม่เคยศึกษา,แม่,0,1,Y,N,1,1,1,0,0,0,0,0,0,0,1,30
34,ผู้ใหญ่,ญ,ค้าขาย,ประถมฯ ,ลูก,1,1,N,N,1,1,1,0,0,0,0,0,0,0,0,1
34,ผู้ใหญ่,ช,เกษตร-ทำนา,ประถมฯ ,หัวหน้าครัวเรือน,0,0,Y,N,0,0,1,0,0,0,0,0,0,0,1,440
90,ผู้ใหญ่,ช,พนักงานบริษัท,ป.ตรี หรือเทียบเท่า,ลูก,0,0,N,N,0,0,0,0,0,0,0,0,0,0,0,623
66,ผู้สูงอายุ,ช,รับจ้างทั่วไป,ประถมฯ ,อื่นๆ,0,1,Y,N,0,1,1,0,0,0,0,0,0,0,1,81
34,ผู้ใหญ่,ช,รับจ้างทั่วไป,ประถมฯ ,หลาน,0,0,N,N,1,0,1,0,0,0,0,0,0,0,0,108
33,ผู้ใหญ่,ช,เกษตร-ทำนา,ต่ำกว่าชั้นประถมฯ ,หัวหน้าครัวเรือน,0,1,N,N,1,0,1,0,0,0,0,0,0,1,0,18
34,ผู้ใหญ่,ช,เกษตร-ทำนา,ม.ต้น ,หลาน,0,0,N,N,0,0,0,0,0,0,0,0,0,0,0,24
70,ผู้ใหญ่,ช,ธุรกิจส่วนตัว,อนุปริญญา หรือเทียบเท่า หรือ ปวส.,หัวหน้าครัวเรือน,0,1,N,N,0,0,1,0,0,0,0,0,0,0,0,6
47,ผู้ใหญ่,ช,เกษตร-ทำนา,ม.ปลาย ,ลูก,0,0,N,N,1,0,0,0,0,0,0,0,0,0,0,133
40,ผู้สูงอายุ,ญ,เกษตร-ทำนา,ประถมฯ ,หัวหน้าครัวเรือน,0,0,Y,N,0,1,1,0,0,0,0,0,0,1,1,395
52,ผู้ใหญ่,ญ,กำลังศึกษา,ป.ตรี หรือเทียบเท่า,ลูก,0,1,N,N,1,0,1,0,0,0,0,0,0,0,0,283
51,ผู้ใหญ่,ญ,พนักงานบริษัท,ม.ปลาย ,ลูก,0,0,N,N,0,0,1,0,0,0,0,0,0,0,0,70
51,ผู้สูงอายุ,ญ,ไม่มีอาชีพ,ม.ต้น ,หัวหน้าครัวเรือน,0,0,N,N,0,1,0,0,0,0,0,0,0,0,0,3
82,ผู้ใหญ่,ช,รับจ้างทั่วไป,ประถมฯ ,หัวหน้าครัวเรือน,0,0,Y,N,1,0,1,0,0,0,0,0,0,0,1,14
34,ผู้ใหญ่,ญ,อาชีพอื่นๆ,ป.ตรี หรือเทียบเท่า,หัวหน้าครัวเรือน,0,0,N,N,0,0,0,0,0,0,0,0,0,0,0,230
34,ผู้ใหญ่,ญ,เกษตร-ทำนา,ม.ต้น ,ลูกสะใภ้,0,1,N,N,1,1,1,0,0,0,0,0,0,0,1,341
44,ผู้ใหญ่,ช,เกษตร-ทำนา,ประถมฯ ,หัวหน้าครัวเรือน,0,0,N,Y,1,0,1,0,0,0,0,0,0,1,0,26
44,ผู้ใหญ่,ญ,รับจ้างทั่วไป,ป.ตรี หรือเทียบเท่า,ลูก,0,0,N,N,0,1,1,0,0,0,0,0,0,1,1,111
36,ผู้ใหญ่,ญ,พนักงาน-รับราชการ,อนุปริญญา หรือเทียบเท่า หรือ ปวส.,หัวหน้าครัวเรือน,0,0,N,N,0,0,0,0,0,0,0,0,0,0,0,46
60,ผู้ใหญ่,ญ,รับจ้างทั่วไป,ประถมฯ ,หัวหน้าครัวเรือน,0,0,N,N,1,1,1,0,0,0,0,0,0,0,0,14
50,ผู้ใหญ่,ช,อาชีพอื่นๆ,ม.ปลาย ,สามี,0,0,N,N,0,0,0,0,0,0,0,0,0,0,0,12
50,เด็ก,ช,กำลังศึกษา,ม.ต้น ,หลาน,0,0,N,N,1,1,1,1,0,0,0,1,0,0,1,87
43,ผู้ใหญ่,ญ,เกษตร-ทำนา,ประถมฯ ,ภรรยา,0,1,N,N,0,0,1,0,0,0,0,0,0,0,0,1424
33,ผู้ใหญ่,ญ,เกษตร-ทำนา,ประถมฯ ,ลูก,0,0,N,N,1,1,1,0,0,0,0,0,0,0,1,2275
31,ผู้ใหญ่,ช,เกษตร-ทำไร่,ม.ปลาย ,ลูก,0,0,N,N,0,1,1,0,0,0,0,0,0,0,1,30
34,ผู้ใหญ่,ช,เกษตร-ทำนา,ประถมฯ ,หัวหน้าครัวเรือน,0,0,N,N,1,0,0,1,1,0,0,0,0,0,0,39
50,ผู้สูงอายุ,ญ,ไม่มีอาชีพ,ไม่เคยศึกษา,แม่,0,1,Y,N,1,1,1,0,0,0,0,0,0,0,1,149
81,เด็ก,ญ,กำลังศึกษา,ต่ำกว่าชั้นประถมฯ ,ลูก,0,0,N,N,1,0,0,0,0,0,0,0,0,0,0,1588
86,ผู้ใหญ่,ญ,เกษตร-ทำสวน,ประถมฯ ,หัวหน้าครัวเรือน,0,1,N,N,1,0,1,0,0,0,0,0,0,0,0,360
50,ผู้ใหญ่,ญ,ธุรกิจส่วนตัว,ป.ตรี หรือเทียบเท่า,หัวหน้าครัวเรือน,0,0,N,N,0,0,0,0,0,0,0,0,0,0,0,1089
33,ผู้ใหญ่,ญ,พนักงานบริษัท,อนุปริญญา หรือเทียบเท่า หรือ ปวส.,ลูก,0,0,N,N,0,0,0,1,0,1,0,0,0,0,0,1
58,ผู้ใหญ่,ญ,เกษตร-ทำไร่,ม.ปลาย ,หัวหน้าครัวเรือน,0,1,N,N,1,0,1,1,0,0,1,0,0,0,0,11
73,ผู้สูงอายุ,ช,ไม่มีอาชีพ,ไม่เคยศึกษา,อื่นๆ,0,0,Y,N,1,1,0,0,0,0,0,0,0,0,1,19
12,ผู้ใหญ่,ญ,รับจ้างทั่วไป,ประถมฯ ,หัวหน้าครัวเรือน,0,0,N,N,0,1,0,0,0,0,0,0,0,0,1,39
26,เด็ก,ญ,ไม่มีอาชีพ,ไม่เคยศึกษา,หลาน,0,0,N,N,1,0,0,0,0,0,0,0,0,0,0,168
13,ผู้ใหญ่,ช,รับจ้างทั่วไป,ประถมฯ ,หัวหน้าครัวเรือน,0,1,N,N,0,0,1,0,0,0,0,0,0,0,0,534
61,ผู้สูงอายุ,ญ,อาชีพอื่นๆ,ประถมฯ ,หัวหน้าครัวเรือน,0,1,Y,N,1,1,1,0,0,0,0,0,0,0,1,61
19,ผู้ใหญ่,ช,รับจ้างทั่วไป,ม.ต้น ,ลูก,0,0,N,N,0,0,1,0,0,0,0,0,0,0,0,555
11,ผู้ใหญ่,ช,พนักงาน-รัฐวิสาหกิจ,อนุปริญญา หรือเทียบเท่า หรือ ปวส.,หัวหน้าครัวเรือน,0,0,N,N,0,0,0,0,0,0,0,0,0,0,0,343
19,ผู้สูงอายุ,ช,เกษตร-ทำไร่,ประถมฯ ,หัวหน้าครัวเรือน,0,1,Y,Y,0,1,1,0,0,0,0,0,0,1,1,29
71,ผู้สูงอายุ,ญ,ค้าขาย,ประถมฯ ,แม่,0,1,Y,N,0,1,1,0,0,0,0,0,0,0,1,29
71,ผู้ใหญ่,ญ,รับจ้างทั่วไป,ป.ตรี หรือเทียบเท่า,หัวหน้าครัวเรือน,0,0,N,N,1,0,0,0,0,0,0,0,0,0,0,150
12,ผู้ใหญ่,ญ,รับจ้างทั่วไป,ม.ปลาย ,ลูก,0,0,N,N,0,0,0,0,0,0,0,0,0,0,0,255
50,ผู้ใหญ่,ญ,รับจ้างทั่วไป,ป.ตรี หรือเทียบเท่า,ลูก,0,0,N,N,0,1,1,1,0,0,1,0,0,0,1,10
58,ผู้ใหญ่,ช,เกษตร-ทำสวน,ไม่เคยศึกษา,หัวหน้าครัวเรือน,0,0,N,N,0,0,1,1,0,0,1,0,0,1,0,1
33,ผู้สูงอายุ,ญ,เกษตร-ทำนา,ประถมฯ ,ภรรยา,0,0,Y,N,1,1,1,1,0,0,0,1,0,1,1,23
16,ผู้ใหญ่,ช,รับจ้างทั่วไป,ประถมฯ ,สามี,0,0,N,N,1,0,1,0,0,0,0,0,0,0,0,293
24,ผู้ใหญ่,ญ,รับจ้างทั่วไป,ประถมฯ ,แม่,0,0,N,N,1,0,0,1,0,0,1,0,0,0,0,3
77,ผู้ใหญ่,ช,รับจ้างทั่วไป,ประถมฯ ,หัวหน้าครัวเรือน,0,0,N,N,0,1,0,1,0,0,1,0,0,1,1,1
16,ผู้ใหญ่,ญ,รับจ้างทั่วไป,ประถมฯ ,หัวหน้าครัวเรือน,0,0,N,N,1,1,1,0,0,0,0,0,0,0,1,63
74,เด็ก,ญ,กำลังศึกษา,อนุบาล/ศูนย์เด็กเล็ก,หลาน,0,0,N,N,1,1,0,1,0,0,1,0,0,0,1,74
41,เด็ก,ญ,กำลังศึกษา,ประถมฯ ,ลูก,0,0,N,N,1,0,0,1,0,0,1,0,0,0,0,151
62,ผู้ใหญ่,ช,รับจ้างทั่วไป,ประถมฯ ,หัวหน้าครัวเรือน,0,1,N,Y,1,0,1,1,0,0,1,0,0,1,0,3
80,ผู้ใหญ่,ช,เกษตร-ทำสวน,ประถมฯ ,ลูก,0,0,N,N,1,1,1,1,0,0,0,1,0,0,1,45
18,ผู้ใหญ่,ช,รับจ้างทั่วไป,ม.ต้น ,หลาน,0,0,N,N,0,1,1,0,0,0,0,0,0,0,1,214
70,เด็ก,ญ,กำลังศึกษา,ม.ต้น ,ลูก,0,0,N,N,1,0,1,0,0,0,0,0,0,0,0,465
74,เด็ก,ญ,กำลังศึกษา,ม.ต้น ,อื่นๆ,0,0,N,N,1,1,0,0,0,0,0,0,0,1,1,3
74,ผู้ใหญ่,ญ,กำลังศึกษา,ม.ปลาย ,ลูก,0,0,N,N,1,0,1,0,0,0,0,0,0,0,0,213
25,ผู้สูงอายุ,ช,รับจ้างทั่วไป,ประถมฯ ,หัวหน้าครัวเรือน,0,0,Y,N,0,1,1,0,0,0,0,0,0,0,1,274
11,ผู้ใหญ่,ช,รับจ้างทั่วไป,ม.ปลาย ,หัวหน้าครัวเรือน,0,1,N,N,0,0,1,0,0,0,0,0,0,0,0,463
20,ผู้ใหญ่,ช,รับจ้างทั่วไป,ม.ต้น ,อื่นๆ,0,0,N,N,0,0,0,0,0,0,0,0,0,0,0,851
34,ผู้ใหญ่,ญ,เกษตร-ทำนา,ประถมฯ ,ภรรยา,0,1,N,N,1,0,1,1,0,0,1,0,0,0,0,1612
46,ผู้ใหญ่,ญ,พนักงาน-รับราชการ,ป.ตรี หรือเทียบเท่า,ลูก,0,0,N,N,0,1,0,0,0,0,0,0,0,0,1,326
45,เด็ก,ญ,กำลังศึกษา,อนุบาล/ศูนย์เด็กเล็ก,หลาน,0,0,N,N,1,0,1,1,0,0,1,1,0,1,0,4
95,ผู้ใหญ่,ญ,รับจ้างทั่วไป,อนุปริญญา หรือเทียบเท่า หรือ ปวส.,ลูก,0,0,N,N,0,0,0,1,0,1,0,0,0,0,0,2
46,ผู้ใหญ่,ช,พนักงาน-รับราชการ,ป.ตรี หรือเทียบเท่า,หัวหน้าครัวเรือน,0,0,N,N,1,0,1,0,0,0,0,0,0,0,0,160
32,ผู้ใหญ่,ญ,กำลังศึกษา,อนุปริญญา หรือเทียบเท่า หรือ ปวส.,ลูก,0,0,N,N,0,0,1,0,0,0,0,0,0,0,1,24
39,เด็ก,ช,กำลังศึกษา,ประถมฯ ,หลาน,0,0,N,N,1,1,1,0,0,0,0,0,0,1,0,19
16,ผู้ใหญ่,ญ,กำลังศึกษา,ม.ปลาย ,ลูก,0,0,N,N,0,1,0,0,0,0,0,0,0,0,0,23
25,ผู้สูงอายุ,ญ,รับจ้างทั่วไป,ม.ต้น ,อื่นๆ,0,1,Y,N,1,1,1,0,0,0,0,0,0,1,1,2
27,ผู้ใหญ่,ช,เกษตร-ทำสวน,ประถมฯ ,ลูก,0,0,N,N,0,1,0,0,0,0,0,0,0,0,1,13
26,ผู้ใหญ่,ญ,ธุรกิจส่วนตัว,ม.ปลาย ,ลูก,0,0,N,N,0,1,0,0,0,0,0,0,0,0,1,7
14,เด็ก,ญ,กำลังศึกษา,ประถมฯ ,อื่นๆ,0,0,N,N,1,0,1,0,0,0,0,0,0,0,1,25
34,ผู้ใหญ่,ช,กำลังศึกษา,ม.ต้น ,หลาน,0,0,N,N,1,1,1,0,0,0,0,0,0,1,1,773
34,ผู้ใหญ่,ช,เกษตร-ทำนา,ประถมฯ ,หัวหน้าครัวเรือน,0,0,N,N,1,1,1,0,0,0,0,0,0,1,1,103
36,ผู้ใหญ่,ช,เกษตร-ทำนา,ประถมฯ ,หัวหน้าครัวเรือน,0,1,Y,N,1,0,1,0,0,0,0,0,0,0,1,580
30,ผู้ใหญ่,ญ,รับจ้างทั่วไป,อนุปริญญา หรือเทียบเท่า หรือ ปวส.,ลูกสะใภ้,0,1,N,N,1,1,1,0,0,0,0,0,0,0,1,6
46,ผู้ใหญ่,ญ,เกษตร-ทำนา,ประถมฯ ,หัวหน้าครัวเรือน,0,0,N,N,1,1,1,0,0,0,0,0,0,0,1,189
19,เด็ก,ช,ไม่มีอาชีพ,ไม่เคยศึกษา,หลาน,0,0,N,N,1,1,0,0,0,0,0,0,0,0,1,249
33,ผู้สูงอายุ,ญ,ค้าขาย,ต่ำกว่าชั้นประถมฯ ,ภรรยา,0,0,N,N,0,1,0,0,0,0,0,0,0,0,0,1
94,ผู้สูงอายุ,ญ,อาชีพอื่นๆ,ประถมฯ ,หัวหน้าครัวเรือน,0,1,Y,Y,0,1,1,0,0,0,0,0,0,1,1,20
41,ผู้สูงอายุ,ช,อาชีพอื่นๆ,ป.ตรี หรือเทียบเท่า,หัวหน้าครัวเรือน,0,0,N,N,0,1,0,0,0,0,0,0,0,0,0,255
50,ผู้ใหญ่,ญ,เกษตร-ทำไร่,ต่ำกว่าชั้นประถมฯ ,ลูกสะใภ้,0,1,N,N,1,1,1,0,0,0,0,0,0,0,1,4
39,ผู้ใหญ่,ช,รับจ้างทั่วไป,ม.ต้น ,ลูก,0,1,N,Y,0,0,1,0,0,0,0,0,0,1,1,4
55,ผู้ใหญ่,ญ,เกษตร-ทำไร่,ประถมฯ ,หัวหน้าครัวเรือน,0,1,N,N,0,0,1,0,0,0,0,0,0,0,0,474
30,ผู้ใหญ่,ช,อาชีพอื่นๆ,ม.ต้น ,ลูก,0,0,N,N,0,1,0,0,0,0,0,0,0,0,1,41
46,ผู้สูงอายุ,ช,เกษตร-ทำนา,ต่ำกว่าชั้นประถมฯ ,หัวหน้าครัวเรือน,0,0,N,N,1,1,1,0,0,0,0,0,0,0,0,3
33,ผู้สูงอายุ,ช,เกษตร-ทำนา,ประถมฯ ,อื่นๆ,0,1,Y,Y,0,1,1,0,0,0,0,0,0,1,1,90
63,ผู้ใหญ่,ญ,เกษตร-ทำไร่,ไม่เคยศึกษา,หัวหน้าครัวเรือน,0,0,N,N,0,0,0,0,0,0,0,0,0,0,0,311
47,เด็ก,ญ,ไม่มีอาชีพ,ไม่เคยศึกษา,หลาน,0,0,N,N,1,0,1,0,0,0,0,0,0,0,0,1842
67,ผู้ใหญ่,ญ,รับจ้างทั่วไป,ม.ต้น ,ลูก,0,1,N,N,1,0,1,0,0,0,0,0,0,0,1,185
90,ผู้ใหญ่,ช,รับจ้างทั่วไป,ป.ตรี หรือเทียบเท่า,ลูก,0,0,N,N,0,0,1,0,0,0,0,0,0,0,0,300
80,ผู้สูงอายุ,ญ,ไม่มีอาชีพ,ไม่เคยศึกษา,หัวหน้าครัวเรือน,1,1,Y,N,0,1,1,1,0,0,0,1,0,0,1,27
34,ผู้ใหญ่,ช,เกษตร-ทำนา,ม.ต้น ,ลูก,0,0,N,N,1,1,1,1,0,0,1,0,0,1,1,37
71,ผู้สูงอายุ,ญ,อาชีพอื่นๆ,ประถมฯ ,หัวหน้าครัวเรือน,0,0,Y,N,1,0,1,0,0,0,0,0,0,0,1,3
72,ผู้ใหญ่,ช,รับจ้างทั่วไป,ประถมฯ ,อื่นๆ,0,0,N,N,0,0,0,0,0,0,0,0,0,0,1,54
39,ผู้ใหญ่,ช,พนักงาน-รับราชการ,ป.ตรี หรือเทียบเท่า,ภรรยา,0,0,N,N,1,1,0,0,0,0,0,0,0,0,0,1
41,ผู้ใหญ่,ช,ค้าขาย,ประถมฯ ,อื่นๆ,0,0,N,N,0,1,0,0,0,0,0,0,0,0,1,7
83,ผู้ใหญ่,ช,รับจ้างทั่วไป,ม.ต้น ,อื่นๆ,0,0,N,N,0,1,0,0,0,0,0,0,0,0,1,53
41,ผู้ใหญ่,ช,รับจ้างทั่วไป,ม.ปลาย ,ลูก,0,0,N,N,1,1,1,0,0,0,0,0,0,0,1,940
33,ผู้ใหญ่,ญ,เกษตร-ทำนา,ประถมฯ ,หัวหน้าครัวเรือน,0,1,Y,N,0,1,1,0,0,0,0,0,0,0,1,101
30,ผู้ใหญ่,ญ,รับจ้างทั่วไป,ม.ต้น ,หลาน,0,0,N,N,0,1,1,0,0,0,0,0,0,1,1,198
71,ผู้สูงอายุ,ญ,รับจ้างทั่วไป,ประถมฯ ,หัวหน้าครัวเรือน,0,1,Y,N,0,1,1,0,0,0,0,0,0,0,1,1218
34,ผู้ใหญ่,ช,พนักงาน-รับราชการ,ม.ปลาย ,ลูกเขย,0,0,N,N,0,1,1,0,0,0,0,0,0,0,1,13
67,ผู้ใหญ่,ญ,รับจ้างทั่วไป,ประถมฯ ,หลาน,0,0,N,N,1,1,1,0,0,0,0,0,0,0,1,219
45,ผู้ใหญ่,ช,เกษตร-ทำนา,ม.ปลาย ,ลูก,0,0,N,N,0,0,1,0,0,0,0,0,0,0,0,499
41,ผู้ใหญ่,ญ,กำลังศึกษา,ม.ต้น ,ลูก,0,0,N,N,1,0,0,1,0,1,0,0,0,0,0,19
41,ผู้ใหญ่,ญ,ธุรกิจส่วนตัว,ป.ตรี หรือเทียบเท่า,ลูก,0,0,N,N,1,0,0,0,0,0,0,0,0,0,0,23
49,ผู้ใหญ่,ญ,เกษตร-ทำนา,ม.ปลาย ,ลูก,0,0,N,N,0,0,1,0,0,0,0,0,0,0,0,145
49,ผู้ใหญ่,ช,กำลังศึกษา,ม.ต้น ,ลูก,0,0,N,N,1,0,1,0,0,0,0,0,0,0,1,26
39,ผู้สูงอายุ,ญ,เกษตร-ทำนา,ประถมฯ ,ภรรยา,0,1,Y,N,0,1,1,0,0,0,0,0,0,1,1,401
61,ผู้ใหญ่,ช,รับจ้างทั่วไป,ม.ต้น ,ลูก,0,0,N,N,1,1,1,0,0,0,0,0,0,0,1,241
14,เด็ก,ญ,กำลังศึกษา,ประถมฯ ,หลาน,0,0,N,N,1,0,1,0,0,0,0,0,0,0,0,889
50,เด็ก,ช,กำลังศึกษา,ประถมฯ ,หลาน,0,0,N,N,1,0,1,0,0,0,0,0,0,0,1,413
50,ผู้สูงอายุ,ญ,ไม่มีอาชีพ,ต่ำกว่าชั้นประถมฯ ,แม่,0,1,Y,N,1,1,1,0,0,0,0,0,0,0,1,25
71,ผู้ใหญ่,ญ,ค้าขาย,ม.ต้น ,ภรรยา,0,0,N,N,1,0,0,0,0,0,0,0,0,0,0,162
30,ผู้สูงอายุ,ญ,อาชีพอื่นๆ,ม.ปลาย ,หัวหน้าครัวเรือน,0,0,Y,N,0,1,0,0,0,0,0,0,0,0,1,110
47,ผู้ใหญ่,ญ,รับจ้างทั่วไป,ประถมฯ ,ลูก,0,0,N,N,1,0,1,0,0,0,0,0,0,0,0,440
40,ผู้สูงอายุ,ช,รับจ้างทั่วไป,ประถมฯ ,หัวหน้าครัวเรือน,0,1,Y,N,0,0,1,0,0,0,0,0,0,1,1,6
84,ผู้ใหญ่,ช,เกษตร-ทำสวน,ต่ำกว่าชั้นประถมฯ ,หัวหน้าครัวเรือน,0,0,N,N,0,1,0,0,0,0,0,0,0,0,1,7
32,ผู้สูงอายุ,ช,รับจ้างทั่วไป,ประถมฯ ,หัวหน้าครัวเรือน,0,1,Y,N,0,1,1,0,0,0,0,0,0,1,1,132
19,ผู้ใหญ่,ญ,รับจ้างทั่วไป,ป.ตรี หรือเทียบเท่า,ลูก,0,0,N,N,1,0,1,0,0,0,0,0,0,0,1,30
47,ผู้ใหญ่,ญ,เกษตร-ทำนา,ประถมฯ ,อื่นๆ,0,1,N,N,1,0,1,1,0,1,0,0,0,0,0,4
72,ผู้ใหญ่,ญ,กำลังศึกษา,ม.ต้น ,หลาน,0,0,N,N,1,1,0,0,0,0,0,0,0,0,0,58
30,ผู้ใหญ่,ญ,รับจ้างทั่วไป,ประถมฯ ,หัวหน้าครัวเรือน,0,0,N,N,1,1,1,0,0,0,0,0,0,0,1,209
52,ผู้ใหญ่,ญ,รับจ้างทั่วไป,ประถมฯ ,หัวหน้าครัวเรือน,0,0,N,N,1,1,1,0,0,0,0,0,0,1,1,10
14,ผู้ใหญ่,ช,เกษตร-ทำไร่,ม.ต้น ,ลูก,0,1,N,N,1,0,1,0,0,0,0,0,0,0,1,1
58,ผู้ใหญ่,ช,รับจ้างทั่วไป,ประถมฯ ,หัวหน้าครัวเรือน,0,0,N,N,0,0,0,0,0,0,0,0,0,0,0,558
20,ผู้ใหญ่,ญ,พนักงานบริษัท,ประถมฯ ,ภรรยา,0,0,N,N,0,0,0,0,0,0,0,0,0,0,0,53
18,ผู้สูงอายุ,ช,ไม่มีอาชีพ,ไม่เคยศึกษา,อื่นๆ,0,0,N,N,1,1,1,0,0,0,0,0,0,0,1,1
70,ผู้สูงอายุ,ช,รับจ้างทั่วไป,ประถมฯ ,พ่อ,0,1,Y,N,0,1,1,0,0,0,0,0,0,0,1,73
,,,,,,,,,,,,,,,,,,,,,